bucket,test_idx,label,prob_pos,text,error_type,proposed_testable_fix
confident_FP,29330,0,0.99998486,"Wow love the place and everything is very clean and new!\n\nGreat place to come and relax worth a try!\n\nCheers,\n\nEric Van Nguyen\nVisited April 2012",label noise,Have two people re-label the 50 most confident errors blind to the gold label; report the share that disagree as a noise ceiling on accuracy
confident_FP,29525,0,0.99987805,"I tried to love it, had a chocolate chip cookie and milk once, and was satisfied.. took my date here after lunch next door and went all out on a vietnamese iced coffee ice cream and red velvet cookie sandwich.. the cookie was too hard and made it not enjoyable for me =(\n\nBut the ice cream was delicious !",mixed sentiment (praise + complaint),Concatenate max-pooled and last-state BiLSTM features with attention pooling; compare error on the contrast-word slice
confident_FP,1560,0,0.9997867,"Home of the incredible exploding burrito. This place is awesome if you want to wear your food. Actually, that might be better than eating it. :(",sarcasm / irony (+ emoticon removed),Keep emoticons (:( :) =() as tokens instead of stripping them; compare error on reviews containing emoticons
confident_FP,23815,0,0.9997743,"This is the neighborhood Foodland that has the bare necessities needed to sustain a pantry or for when the next snowstorm of the century is a day away and you only have minutes to get TP, bread and milk. \n\nThe bakery here is tops, small selection, but really well made specialities. Huge brownies, iced and moist. They are easily 5 inch squares,  topped with things like Oreo cookies, nuts, sprinkles, and other yummy delights. The best thing I found is the individual pineapple upside-down cakes. Perfect for one person, these are just like the big ones, same buttery cake, same crunchy edges from the brown sugar melting as it bakes, and that almost candied pineapple that has bece one of my favorite desserts of all time.\n\nTry the foccacia dripping with evoo, fresh basil and tomatoes and mozzarella cheese, you'll never buy pizzeria pizza ever again. Take a few home and pop them in the oven and enjoy. \n\nI come here when I need the staples of the pantry like eggs, milk, even a pound of ground beef. The deli isn't the greatest but it will do in a pinch. Good rotisserie chickens too.",mixed sentiment or label noise (check ending),"Re-label blind (as above); if the ending is a complaint, test head+tail truncation on long reviews"
confident_FP,408,0,0.9996686,"Though I'm a Copper enthusiast when it comes to getting my Indian fix in Charlotte, I'd heard that Maharani was a cheaper but tasty option, so we ordered from there a few nights ago. \n\nCopper is definitely still my place, but Maharani was fine enough. First of all, the food came very quickly, which is rare. Usually indian food, good indian good, takes at least 30-45 minutes. We got our order in like 30, which was great 'cause we were starving. \n\nThe Tikka Masala was spicy and pretty good, but it wasn't as thick and saucy as i like. The salad was just so-so. The Naan were all amazing. Definitely the highlight.","lukewarm / comparative ('fine enough', 'still prefer X')",Ensemble BiLSTM + Transformer probabilities; compare error in the 0.4-0.6 confidence band
confident_FN,21813,1,0.00032115044,"Our flight arrived to Vegas earlier than excepted, so we expected our room not to be ready. When we arrived at the hotel on May 19th, the front desk girl offered us a room that was ready on the 28th floor that wasn't facing the Bellagio fountain. I booked a corner view suite had requested a room on a high floor with a Bellagio fountain view when I first made the reservation. There are 56 floors at the hotel. She then said there was a room on the 30th floor with a view of the Bellagio fountain, but it wasn't ready. She continued to look for rooms, which she then said that there was a room on the 50th room with a Bellagio fountain view, but it wasn't ready yet either. We agreed to wait for that room to be cleaned, which she said it would be couple of hours before it would be ready. We waited a couple of hours by walking around the area before calling to check to see if the room was ready yet. I was transferred to housekeeping, who said it wasn't ready yet and they would call me back when it was. After eating and walking around some more for a couple more hours without hearing back from anyone, we decided to go back to the hotel and was told that the room was ready. It would of been nice if they had called me as they told me they would\n\nUpon inspecting the room, we found a dirty fork and knife in the dishwasher, as well as trash in a trash can underneath the kitchen sink. When housekeeping called to see if the utensils were delivered, which I requested upon check-in and had been delivered, I told them about the trash and dirty utensils. They said they would send someone up to take care of it. No one ever showed up, so the trash and dirty utensils were left until the next day when housekeeping came to clean the room. The room did have a great view of the fountain, strip, and mountains!!!\n\nOn the evening of Thursday May 20th, I called concierge to attempt to change reservation time for dinner at Jean Georges Steakhouse at Aria. I held on the phone for 30 mins waiting for someone to answer, but no one ever did, so I hung up and decided to call the restaurant directly myself. \n\nThe hotel is a nice hotel, which unlike some other reviewers, I feel that it IS within a short walk to the Bellagio, Aria, The Cosmopolitan, and the strip. I would suggest going to the 24hr CVS, which is a short walk and is located a block south of CityCenter on the strip to grab snacks and drinks, since the market inside the hotel has limited choices and closes at a certain time.\n\nThe Clark County fire station is located adjacent to the property. They tend to stay busy, which on one of the late nights/early morning hours, they seemed to respond to several calls in a span of 4 to 5 hours. The windows are not sound proof, so you will hear the sirens, which may interrupt your sleep if you're a light sleeper.\n\nThe entire property is nice, which I would stay there again, especially with it being a non-smoking/non-gaming hotel.",truncation / late resolution (check ending),Use head+tail truncation (first 100 + last 100 tokens) or MAX_LEN=400; re-measure error on the long-review slice
confident_FN,20061,1,0.00033195422,"Ever wonder what to do if you have lots of extra garbage or recyclables and either can't fit them all in your bins or missed bulk trash pickup day? Alternatively, are you looking for something just a little bit different to do on a lazy summer day? \n\nOk, ok, all kidding aside - you may find yourselves (as we did yesterday) with more broken-down boxes and odd-shaped trash (old floor lamps, etc.) than can fit in your bins. This waste facility allows Phoenix residents to dump bulk trash and recyclables for free once a month. \n\nTo get to the facility, drive down to 27th Avenue and Buckeye (aka \""""No Man's Land\""""). When you drive up, you will likely see a long line of commercial vehicles waiting to do their daily or weekly dump. You can bypass this line and go to the R (the sign says something like \""""Visitors\""""). When I say \""""you can,\"""" what I mean is that we did without being stopped, so you should be able to as well. According to the city website, we were supposed to have to show a driver's license and recent water bill to be let in, but no one stopped us or asked for proof of anything. \n\nWe drove around and around the facility, following signs that directed us to the visitors' drop-off area, until finally we arrived at a massive pile of garbage. Literally. There were tons of guys in pick-up trucks dumping yard clippings, as well as a few ordinary people, like us, who just wanted their garage to be less cluttered. Warning to the wise - the place stinks (it's filled with garbage, after all) and the ground is wet and a bit slippery. We wore flip-flops (how dumb were we?). If you go, you might want to wear a long-sleeved shirt and some old, crappy tennis shoes you don't give a crap about. \n\nAfter dumping our trash, we looked around for the recycling drop-off. Some random employee sitting out under an umbrella told us that the bins were full and that we should just dump our massive pile of cardboard boxes into the trash pile (real ringing endorsement for city-sponsored recycling, huh?). I told him that we didn't want to just trash all that recyclable material, so he suggested going over by the employee trailers and dumping it in their recycling bin. So we did. \n\nI have to admit that after coming all the way to a city facility dedicated to proper recycling, we felt a bit odd dumping all these boxes in a tiny bin that wasn't much bigger than our bin at home. We felt as if we had gone to a public swimming pool and found it to be the same size as our inflatable one. We also wondered if the boxes would even get recycled. Fortunately, a guy in a city truck showed up towards the end of our unloading, gave us the thumbs up, and waited for us to be done so he could unload the bin and take the materials to wherever recyclables go to die and be reborn as new, environmentally-friendly objects. \n\nOur trip to this facility was an adventure, that's for sure. In addition to (or in spite of?) the educational benefits of seeing the inner workings of the city's solid waste operations and the entertainment value of all of those unfamiliar sights, sounds, and smells, we got to rid ourselves of the massive piles of trash and boxes left over from our move and early home improvement projects in one fell swoop. Can't beat that!",topic-sentiment confound + truncation (humour about a trash facility),Head+tail truncation and a larger MAX_LEN; re-measure long-review error
confident_FN,22807,1,0.00034212804,"EDIT: They really did change the service up since I last posted this.\n\nHorrible service.\n\nUsed to be my favorite pizza in the city (at a reasonable price), but I'm rethinking that. We just had an altercation with a server who refused to split a check when we were paying with cash. He then proceeded to disrespect the party at the table, telling us to 'not give him attitude about it.'\n\nSorry Bella Notte, but we're not children. I don't care if you're working hard - it doesn't give you any excuse to disrespect your paying customers like that.",label noise (text is clearly negative; 'EDIT' line suggests a stale rating),Re-label blind; measure error on reviews containing 'EDIT' or 'UPDATE'
confident_FN,21215,1,0.0004192105,"Last night several parents came in with over 15 children to celebrate their 9 year olds 4th grade graduation at 9:15 pm. The bartender expressed that it was not a place to have children running around as it is against the law and a liability issue if anything were to happen to them on their premise. The children were running in and out of the bar while the parents continued to drink upstairs claiming to watch them in the open park way. After their third round of drinks the bartender told them they were no longer welcomed due to the fact the kids were unsupervised as well as the other customers had cleared out expressing \""""whether the bar was a childcare center\"""". One father even started swearing at her telling her it was none of her business what their children were doing. I am offended in that they completely took advantage of her, were rude, not to mention had their children with them at a bar at 10:00pm in the evening. I will say the bartender was very cordial and had mind to do the right thing.",reported events / third-party narrative (check ending),Add last-N-token pooling to the BiLSTM; compare error on reviews with quotes or reported speech
confident_FN,16700,1,0.00048087054,"TERRIBLE SERVICE, RUDE WAITERS WITH A PISS POOR ATTITUDE! WOULD EAT HERE AGAIN! A++++\n\nThe food here is good but isn't that spectacular, the beer selection is somewhat disappointing if you like a good craft beer. Ask for a craft beer and get an insulting comment from the waitress. \n\nWhat makes this place awesome is the atmosphere, live bands, sports on the TVs, the very obnoxious staff and the hats. Got to love the free hats. \n\nIf you go, ask for a glass of water with your meal. ;)","sarcasm / irony (ALL-CAPS complaints, 'A++++')",Stop lowercasing blindly: add an ALL-CAPS ratio feature and keep tokens like 'a++++'; compare error on caps-heavy reviews
near_threshold,28040,1,0.49870104,"Great beer selection, especially the beer fusions. Nice atmosphere, friendly staff, quick service. Food is typical bar food, nothing special but didn't agree with my girlfriends stomach in the least. So four stars for the beer and atmosphere but wouldn't eat here.",mixed sentiment (explicit star verdict),Ensemble BiLSTM + Transformer; compare accuracy on reviews with p in 0.4-0.6
near_threshold,9912,0,0.5019024,"Stayed at TI for the first time for my 50th birthday. Booked online at TI's website and the deal seemed really good for a petite suite. Our stay: \n\nRoom:\nThe room was decent but nothing spectacular. Other than a bit more space, the biggest difference from most standard rooms was having two full bathrooms; one with a shower and one with a tub. The bed and pillows were also decent/fairly comfortable. On the negative side the tv was pretty small for a suite, I think it was only 32 inches. Also, and despite being on the 27th floor (mountain view) there was still a considerable amount of noise from the roadway below. Although the room had a refrigerator, it was empty, no minibar items, no snacks, no water bottles (for purchase or otherwise). We were told at check out that too many guests were having problems with the touch sensitive items in the fridge (making unintended purchases) that they removed the minibars all together. \n\nFood\nOur deal included 2 for 1 buffet. We ate there on a Sunday for the champagne brunch. The regular price is $23.95 and despite having the 2 for 1 deal, we didn't feel it was worth the cost. Food selection was pretty limited for a Sunday champagne brunch; the omelette station had few choices; no waffle station; the only fresh seafood was peel and eat shrimp. For comparison, we ate at the Sunday buffet at M Casino later that same night and it was spectacular. It's a bit more pricey at $39.99 but well worth it. But be sure to have a big appetite/be very hungry because there is so much food!! There were so many options I can't even begin to name them all here but a few highlights in addition to unlimited beer and wine there was: peel & eat shrimp, steamed and cold crab legs (already sliced open so no struggling to get the meat out), oysters on the half shell, prime rib and roast turkey carving stations, several Thai selections, sides, sushi, salads, deserts, espresso; the options seemed endless. I highly recommend this buffet. We also ate at the Seafood Shack at TI; it wasn't the worst meal I've had but it was disappointing and again, not worth the price. We had calamari, scallops, and beer battered fish. The calamari and fish were so greasy. I wound up pulling all of the batter off the fish. And by the way, under all that greasy batter there was very little fish. The scallops and rice pilaf were just okay. The best thing I had in the hotel was the Green Iguana cocktail at Kahunaville. \n\nOther:\nUpon check in my BF was told to call room service at anytime during our stay for a complimentary bottle of champagne for my birthday; unfortunately I never got it. We tried to contact room service periodically for 2 days and ALWAYS got a busy signal. I finally contacted the first desk and explained the situation. The young lady offered to call room service to see if she could help. After putting me on hold to try and contact them she returned only to say that she was put on hold and was unable to help; I would just need to keep trying. \n\nOverall:\nA big disappointment; I expected more from a hotel listed as a 4-star location. I wouldn't recommend this place to friends or family.",mixed sentiment + truncation (570 words),Head+tail truncation; compare error on reviews longer than MAX_LEN
near_threshold,14409,1,0.49704438,"Awesome Thai food here!! My favorite is the yellow curry.  We eat here a few times a month.  I will agree that the service isnt the best or the fastest but sometimes you can manage to get in and out in a decent amount of time.  We recently ate here for lunch and the curry wasnt up to par, so we pointed it out to one of the waitstaff, she offered to bring a new plate of it, but its all cooked together in a big pot, so that didnt really make sense. Then the owner, who is the cook came out and TOLD me that it is the same as it always is, and was actually irritated that I would even question her cooking.  The friendly waitress that offered a new plate even said to us that the owner was **** hurt that a customer wasnt happy.  If I owned a place, and my food was off a day, I would want a nice customer to carefully point it out and correct it, not argue that its how it should be.\nOf course we'll eat here again and again and again, because we have had many great meals here.  I just wish that owners and staff would recognize in this tough economy, that they should take care of their customers, and treat them kindly and recognize that sometimes people need to have quicker service because they need to get back to work, or just dont have a few hours to hang out waiting for the check.","mixed sentiment (praise first, complaint later)",Ensemble BiLSTM + Transformer; compare error in the 0.4-0.6 band
near_threshold,7242,0,0.5031445,"Visiting old part of vegas during their Motor Bike Fest was a bad idea lol...Jammed packed line up past the door, Tony Roma's was the food place to be! located across from the Golden Nugget.\nThe service was an overall 2/5, there was mass confusion at first as we had three different servers coming to us.\n\nSampler platter 3.5/5\nPotato skins with bacon, cheddar was delightful.  The wings were nice and spicy!!! and their mozarella sticks were pretty yum.\n\nPrime Rib: $8.95 special 3/5 which included baked potatos and veggies.  Presentation was there, however not the best prepared...\n\noverall this place was grungy, and quite noisy. Though this place wont break your wallet in terms of price, but you;ll have to sacrifice the service and quality.  HOWEVER this place was packed....","numeric ratings in text ('2/5', '3.5/5') destroyed by cleaning","Map patterns like 'x/5' to rating tokens (<rating_low>, <rating_high>); compare error on reviews containing 'x/5'"
near_threshold,3822,0,0.50345856,"What a shame...this store is closing after 21 years in business.  The family that owns the Red Rooster is moving to Illinois.  The lady that runs the place was very friendly and told me this after I inquired about the closing 7/15/10 sign on the door.\n\nThey used to have multiple floors and many rooms.  Now, they are reduced to a garage sale amount of stuff that appears to have been picked over.\n\nI am sure this was a 4 or 5-star place at one time, however that day has passed.  The good news is that the Charleston Antique Mall is in full swing literally next door.  Go there instead.",implicit negative / past-tense praise ('was a 5-star place at one time'),"Remove 'was', 'used', 'once', 'anymore' from the stopword list; compare error on reviews with 'used to', 'anymore', 'at one time'"
slice: has contrast (but/however/although),11908,1,0.12364659,"Return visit for work.  I was training a new hire, and remembered this great little shop. Not a good place to study:/ or have a work conversation. Too much noise between the 90s music and staff... Still great coffee but not a place to concentrate:).",contrast: final clause decisive ('Still great coffee') + emoticons stripped,Keep emoticons and add last-state pooling; compare contrast-slice error
slice: has contrast (but/however/although),23417,1,0.2545728,"Brilliant idea. Put a roasted pig in the window and feed him/her to the public. When the meat of this pig is gone, close the shop. \nAll they sell is this pig all day.\nWhat a wonderful concept, so simple and soooooooooooooooooo delicious. The taste is more like American style pulled-pork BBQ, though without the smokiness or BBQ sauce. With this, you get sage and onion seasoning sprinkled on it, and perhaps some haggis or sweet apple sauce on top. I live in Germany now, and this would be the only place outside of Germany in Europe that would make me forsake a Bratwurst.\n\n\n Only caveat--- the bread was cheap, horrible hamburger buns straight out of the supermarket aisle. Yuck! They need decent bread, something as hearty and heavy to stand up to the pork. Some artisan, handmade bread would complement the handmade meat, instead of being a cheap-ass afterthought. I deducted 1 star for the horrible bread rolls.",elongated words (OOV) + trailing caveat,Collapse letters repeated 3+ times ('soooo' -> 'so'); compare error on reviews containing elongated words
slice: has contrast (but/however/although),16460,0,0.8226912,"Do you come here often? This old line would definitely work here. Great for families or old marrieds looking to get out of the house and laugh-out-loud for a few hours. This place is a brightly colored, entertainingly, loud, home away from home, covered in unexpected but, laughtasticly humorous saying that creatively remind you of where you are.\n\nI have been here a few times in the past, with friends, unsually during the day (Day drinking, as their shirts say). So, the other Saturday night I decided to head over after some strenuous solo christmas shopping. Looking to relax, refuel, drink, flirt and..... (nevermind, it didn't happen anyways). I parked near the Greenfield side and walked up to what I thought was the main door. But, it was locked! The thought crossed my mind that they may be closed? But, the loud music led me around the corner to the chill-friendly security door check who informed me that they serve food until 2am and wished me a good time. As I made my way inside the place was pretty busy on the patio, with a live DJ, no seats left at the bar, and absolutley no one but staff on the inside, I guess that was their intention.\n\nI found a nice spot (with great viewing) on a corner table in the patio area, far too big for just myself, but who knows, the night was still young... Within seconds, my server was at my table taking my drink order and right back to take my food order (Ugh, I MUST have looked famished! Or he's just that good?) He was back over in a few minutes with my chips and salsa and appologized that the food would be taking longer than normal. I thanked him and told him it was no problem, as I was in no hurry. \n\nAs I waited I finally had a chance to really look around. I have to admit, I was quite surprised to see so many regular farmer, construction types had filled the place with their jealous polential wife types (just the feeling I got). It reminded me of my visits to the NW! I guess I'll have to make an appearance at this place more often! I felt like the best looking thing to happen to this place in awhile and I was totally cas in jeans and sneakers! It was a little surreal! Although the stinky eye lady glances in my general direction were getting a bit annoying (...remember, corner table seat.) I wanted to say: Ladies, PUHLEASE, I am NOT looking at your man! ...I am simply trying to lip read Joe Rogan's mouth for the details of the UFC fight. (the other best looking thing in the place, besides me. Yeah, it was one of THOSE nights) Sheesh! But, they would have never heard me over the DJ beats and the cornhole game happening in the walk way. \n\nJust then, my food arrived. Luckily, I had asked them to make it to go. I had read the handy yelp reviews on this Supergooeycheese chimi thingy and Man! This thing did not dissappoint! I dug right into it! Fully loaded and super flavorful! It has this amazing smelling/ tasting jalapeno cream sauce and ?lbs of cheese I asked the servicer, but I forgot (lost in the deliciousness) he smiled as he explained, knowing exactly what I was experiencing. It actually got better with every overloaded mouth full! Quarterway through I paused just long enough to realize I was already stuffed! But, by that time I was pretty much done with the discomfort of the corner seat with a 'greeat' view.\n\nOverall, a great place to take the fam to get out of the house for a nightlife atmosphere with generous sized portions of food and not have to dirty your own kitchen. Buuut, not the best place to go for a 'meeting' or a friendly conversation with strangers.",long mixed review (658 words) + truncation,Head+tail truncation; compare long-review error
slice: has contrast (but/however/although),13040,0,0.84678674,"I cant believe I ever went here, but my girlfriend did the models hair that were doing a fashion show for the ugliest homemade garbage. So I came for support. \n\nAnyway, every dude in there looks the same. Low rise seven jeans with a sparkley belt with shirt tucked behind the questionably femenine buckle, sunglasses inside, orange tan, waxed eyebrows, and shaved arms.\nI spoted the  lone creepy old dude that was obviously on raver drugs, in the middle of the dance floor raving out. \nBros and sluts were all freek dancing and being douchy and slutty.\nA ton of younger chicks with older dudes.\n\nIts one of those places were dumb sluts starved for attention come and make out with each other in front of the ed hardy faux buff guys. \n\n(faux buff= fat that looks like muscle under a shirt)\n\nWhats up with all the faux buff dudes in Scottsdale. You know what Im talking about.\n\n\nI dont know why they would ever charge ten dollars to come here.",slang / misspellings / profanity (check),Use subword (BPE) tokens trained on this corpus; compare OOV rate and error on high-OOV reviews
slice: has contrast (but/however/although),1253,0,0.870013,"This location certainly draws a large lunch crowd.  I was there with my son yesterday at about 12:30 and the place was packed.  The staff seemed to be having a hard time keeping up with everything. For instance, there were about 6 plates...more than we needed.  I did see some setting to the side that had leftover food residue from the last guest sitting to the side...I'm not counting those.  Anyhow, behind my son and I was a group of 6, so we weren't all eating right away!  I have been to this location in the past and there were no napkins at all - they used papertowels from the bathroom.  You pulled off what you needed and went with it.  Yikes!  Where is management when you need them?\nFood quality was good.  Veggies were fresh, some of the quantities pretty skimpy.  I understand it was lunch time.\nIt seemed there were 2 servers only, and they were hustling. More were certainly needed.\nOverall, it's a good place to go.  I do enjoy meeting a friend of mine here on an occaisional Sunday afternoon when it's much calmer...altho that's when we had the paper towels issue...but, service is friendly, food is pretty good.\nOh...and yesterday, the best soup...Chicken Enchilada Soup...if it's there the day you go...you have to get this!","implicit negative (event descriptions, few sentiment words)",Train a 2-layer BiLSTM; compare error on the contrast slice and overall
