model,index,text,true_label,predicted_label,probability_positive,confidence,correct,review_group,manual_observation,testable_fix
experimental_bigru,29330,"Wow love the place and everything is very clean and new!\n\nGreat place to come and relax worth a try!\n\nCheers,\n\nEric Van Nguyen\nVisited April 2012",0,1,0.999992847442627,0.999992847442627,FALSE,confident_false_positive,"Review is strongly positive, but the label is negative. May be a mislabeled example",Audit the original label and test removing or correcting mislabel examples improves validation
experimental_bigru,5190,"After shopping on-and-off here for nearly 5-years, it's time for a quick update, and a slight downgrade.\n\n- Parking lot. Always cramped, especially when they park a 53' long refrigerated semi trailer or some other type of temporary something-or-another across one entire row of parking stalls. Most recent visit yielded exactly zero open parking spots for the entire lot... granted, it was NYE, but crikey.\n\n- Produce quality. Not sure what it is, but the produce has been on a fairly steady decline for a while now. Lots of shriveled peppers and wrinkly tomatoes... anemic asparagus... brownish limes. \n\n- Pricing. I grabbed a small package of cremini mushrooms and almost had a heart attack when they rang-up as $4.99 for 8oz. The *exact same brand* can be purchased at Woodman's (yes, organic, and yes - the exact same brand) for $1.99. A single red bell pepper was $4.29 here as well. No thanks.\n\n- Cramped aisles. Always hard to navigate through/around; worse when it's busy or when they are restocking things.\n\n- Salad bar. I challenge you to find protein on the salad bar. I'm a guy who likes a little chicken or turkey or ham on his salad... I've scoured that thing a dozen times and cannot find any meats anywhere. If I'm missing them, someone tell me.\n\n+ Samples. Everyone knows how great the free samples here are.\n\n+ Meat department. It's improved! I've been teaching grilling classes for most of the summer, and this is my primary source for those grilling goods. There's an older butcher there who is superb - very helpful and knowledgeable. \n\n+ Bakery. So good. Lots of sinful treats to choose from - all look and taste delish.\n\n+ Staff. Always friendly, always helpful. \n\nThe biggest reasons for the downgrade? Size, produce, and pricing. My last visit cost $39.73; had I purchased the same stuff from Willy Street or Woodman's, I guarantee it would've been under/around $20. I find myself shopping here less and less often because of this.",0,1,0.9999799728393560,0.9999799728393560,FALSE,confident_false_positive,"Review contains many complaints, but also uses positive words ",Adding more mixed sentiments examples and test contrast aware CNN features
experimental_bigru,22663,"About average so far as steakhouses go. My rib eye was very tasty but a little over cooked. I didn't complain because the flavor was still fantastic. I thought the process were quite out of order. I've had better for sell. Over all I'd say they are more for show than content. If you want to have a great high end steak I'd recommend Ruth Chris, LG's, Flemings, or Morton's. If you want to show off how much money you have to or make it rain, Jean Georges is the place. The offered a pork chop for $99 and a special cut steak for $199.  For those prices I'll personally fly anywhere in the country and serve you the best steak you ever had. If you were not born with a silver spoon in your mouth and you have good financial values, you should probably go somewhere else. If your friends are named Justin B, Diddy, or snoop, and your second car just happens to be a Bentley, You'll fit right in. Service good, Ambiance great, Food Fantastic, Service A+, Bottom line, Oh Damn! Bring the Platinum or the Black Card.",0,1,0.9999488592147830,0.9999488592147830,FALSE,confident_false_positive,"Positive words about the food and service dominate, but the review criticize the hight price and different better options ",Add aspect level sentiment examples so the model separates food quality from overall
experimental_bigru,16632,"Ok they still owe me 400 bucks and they're closing...just great. I'm gonna have to earn it by pushing porn out on the patio. So several GMs and complete staff turnovers later. Plus an eviction notice....I was right. Thank you everyone for supporting my blackballing TV. I wanna thank Sysco, and Deluca...Also Coors, Nevada Beverage, and surprisingly Southern Wine and Spirits.",0,1,0.9999159574508670,0.9999159574508670,FALSE,confident_false_positive,Review shows the sarcastic behavior ,Add sarcastic and figurative examples and test character n-gram features.
experimental_bigru,25701,"I had both a red tinga as well as a chili verde gordita. I also enjoyed a large cup of the best Horchata in Las Vegas. Fresh and warm, the gorditas were filling and good.....but not great. Good for a quick stop, but there are much better options when looking for a full flavored, spicy, authentic gordita. The service was very friendly and the restaurant spotlessly clean, almost antiseptic.",0,1,0.9998840093612670,0.9998840093612670,FALSE,confident_false_positive,"The food and service are mostly good, but some phrases indicate a mildly negative on overall review","Train with more comparative and mild-negative reviews, then compare macro-F1."
experimental_bigru,9847,"I would give this hotel a 4.5, but leaning more towards a 4 for a couple of reasons. \nHowever, this is now my favorite hotel on the strip. The hotel has so much to offer. It is also a very family-friendly hotel. Most other hotels on the strip have nightlife inside the casino you must pass to get to your room, but this one seemed to be contained inside a club, which was very nice to see. \nWhen we booked the hotel, we got $25 dining credit per night. I called concierge the day I checked in and was told I could use the credit all at once and they would cover the $75 ($25 for 3 nights) at the end of my stay. The person I talked to didn't sound confident in the answer so I called back on my 2nd night before I used the credit. I called concierge again, but the ENTIRE system was down so when they tried calling the front desk to get the answer for me they told me to go down to a specific desk. Since the system was down, that line was ridiculously long so we went to the bell desk to ask. They didn't know so they called the front desk and told me he was unsure if we would get the credit in full or if it reset every night, but he assumed so. So we went to use the credit at Cabana Grill, and after waiting 15 minutes in line, learned that we couldn't charge to the room because the system was still down. No one could check in or charge to the room. We had specific plans so this was the last time we had time to use it. Luckily we didn't, because we went down that night to see what we could do about the credit we couldn't use and learned it didn't rollover so it was only $25 a night, for 3 nights, not $75 total. We were not offered any credit, they told us it was over with and basically \""oh well, too bad.\""\nTip: The credit does not rollover!!!! There is not very good customer service when it comes to these kind of comps. \nWe were checked in within minutes. Almost every window, if not every window, was open. While the system was down, the line was incredibly long, but they were taking care of people. They were handing out waters on trays, etc. \nThere was a walk from the parking structure to the lobby and rooms, but it wasn't bad. \nThey have an amazing pool area. There are several pools to choose from, including a lazy river, which leads off to a mini pool with a waterfall. The lazy river was a hangout spot, but it didn't really make a difference. There is also a food court with an amazing chicken place, casual restaurants, and multiple specialty restaurants. They also have a good buffet.\nThe housekeeping and customer care was amazing! We called for extra towels and got it almost immediately. We then got a call from someone making sure we got our towels and seeing if we needed anything else. Usually it takes hours to get towels or we have to call again. The staff was also friendly when we had a question and directed us to the right people, calling them from their desk and allowing us to talk to them, rather than asking for us or giving us a long number to call.\nThe hotel grounds are very nice. The room was clean, the casino didn't smell like smoke, and it looked nice overall. They also had a variety of sports in a large sports area that offered food and drinks. There were some kids in this area, so I'm assuming it was a family-friendly area, which was nice. They didn't limit their televisions to one or two sports, which was fantastic to see!\nThe security in the hotel is also better than other hotels. They had a main lobby and then two separate areas. Those two towers had secured doors you needed to open with a key to access elevators and rooms. \nThe wifi was actually free and it worked at NYNY, as well. As a guest, you get 4 devices for 48 hours. \nOverall, the rooms were nice, the staff was friendly (except when dealing with comps) and I enjoyed being on resort property. \nAs a warning, they do charge the \""hold\"" for the room and then say they will reverse the charge 3 days after check-out. Most just hold it and then release the hold upon checkout, so I found that a little strange.\nThe hotel is also very wheelchair friendly. The beds are a little high in the accessible rooms, but that was the only complaint when it came to the rooms.",1,0,5.38671120011713E-05,0.9999461328879990,FALSE,confident_false_negative,"The review contains many complaints about the hotel system and customer service, even though the final overall opinion is positive.",Test longer-context modeling or a model that gives more weight to the final overall-summary sentence.
experimental_bigru,16016,"I wanted a fun and somewhat eclectic place for doing a moderately priced happy hour.  Under those guidelines and those guidelines alone, Seviche would be 5 stars.  I ordered several items off the Happy Hour and Tapas menus and was pleased with taste and value of the items ordered.\n\nHowever, Seviche has its limitations....\n\n--you must like your fish incredibly raw or your non-fish incredibly greasy.   The menu may be eclectic, but it's not as strong in variety- for vegetarians, for those who keep kosher, for those who simply have a limitation on ingesting greasy things.\n\n.... you must like your music loud and your fellow dinner members in a drink-to-get-drunk kind of mood\n\n... you must put up with an inefficient and inconsiderate wait staff that appears to be hired primarily on their ability to look good in a tight black outfit.\n\nI usually don't like to call out  wait staff, but when I am taking out clients on a company's dime, I like to tip, I like to tip well, and I look for opportunities to reward such behavior.  I arrived at the restaurant when service was very slow, when wait staff were plentiful, and even then the wait staff seemed more interested in each other than in asking if I wanted anything to eat or more water to drink.  It didn't help later in the night that the wait staff didn't bring out some food I had ordered and didn't check on our table.  I'm not asking for Ritz-Carlton service, but gee, it would be nice not to be embarassed in front of clients by shoddy service....",1,0,5.78215658606496E-05,0.9999421784341390,FALSE,confident_false_negative,"The review begins positively about the food and value but later focuses heavily on poor service, loud music, and limited menu choices.",Add aspect-level sentiment aggregation and evaluate it on mixed restaurant reviews.
experimental_bigru,24111,"This review is for the pharmacy only.You do not need to be a member to use the pharmacy. I am a self paying user of generic Plavix...Cost for a 90 day supply is around is about $25. Contrast this to $45 at Walmart,and $200+ at both Target and Shopko. Price difference is unbelievable!! Begs the question of what price are health insurance carriers forced to pay!?? No wonder premiums are high should they be charged the 200-220 prices. It does pay to shop for prices..",1,0,8.98173748282716E-05,0.9999101826251720,FALSE,confident_false_negative,"The review is positive about the pharmacy’s low prices, but the model may have focused on negative words such as “expensive,” “premiums,” and price comparisons.",Add domain-specific training examples and test whether phrase context reduces price-related errors.
experimental_bigru,21813,"Our flight arrived to Vegas earlier than excepted, so we expected our room not to be ready. When we arrived at the hotel on May 19th, the front desk girl offered us a room that was ready on the 28th floor that wasn't facing the Bellagio fountain. I booked a corner view suite had requested a room on a high floor with a Bellagio fountain view when I first made the reservation. There are 56 floors at the hotel. She then said there was a room on the 30th floor with a view of the Bellagio fountain, but it wasn't ready. She continued to look for rooms, which she then said that there was a room on the 50th room with a Bellagio fountain view, but it wasn't ready yet either. We agreed to wait for that room to be cleaned, which she said it would be couple of hours before it would be ready. We waited a couple of hours by walking around the area before calling to check to see if the room was ready yet. I was transferred to housekeeping, who said it wasn't ready yet and they would call me back when it was. After eating and walking around some more for a couple more hours without hearing back from anyone, we decided to go back to the hotel and was told that the room was ready. It would of been nice if they had called me as they told me they would\n\nUpon inspecting the room, we found a dirty fork and knife in the dishwasher, as well as trash in a trash can underneath the kitchen sink. When housekeeping called to see if the utensils were delivered, which I requested upon check-in and had been delivered, I told them about the trash and dirty utensils. They said they would send someone up to take care of it. No one ever showed up, so the trash and dirty utensils were left until the next day when housekeeping came to clean the room. The room did have a great view of the fountain, strip, and mountains!!!\n\nOn the evening of Thursday May 20th, I called concierge to attempt to change reservation time for dinner at Jean Georges Steakhouse at Aria. I held on the phone for 30 mins waiting for someone to answer, but no one ever did, so I hung up and decided to call the restaurant directly myself. \n\nThe hotel is a nice hotel, which unlike some other reviewers, I feel that it IS within a short walk to the Bellagio, Aria, The Cosmopolitan, and the strip. I would suggest going to the 24hr CVS, which is a short walk and is located a block south of CityCenter on the strip to grab snacks and drinks, since the market inside the hotel has limited choices and closes at a certain time.\n\nThe Clark County fire station is located adjacent to the property. They tend to stay busy, which on one of the late nights/early morning hours, they seemed to respond to several calls in a span of 4 to 5 hours. The windows are not sound proof, so you will hear the sirens, which may interrupt your sleep if you're a light sleeper.\n\nThe entire property is nice, which I would stay there again, especially with it being a non-smoking/non-gaming hotel.",1,0,9.08073270693421E-05,0.9999091926729310,FALSE,confident_false_negative,The review contains several complaints about delays and housekeeping but ends by recommending the hotel and saying the writer would return.,Increase the maximum sequence length and test whether the model captures the positive conclusion.
experimental_bigru,28976,"gasp. 1/2 star docked. like any new restaurant, i guess i should have expected fluctuations in all aspects of the restaurant, food and operation wise. \n\nmy friend and i have made it our goal to come here once a week on a weekend night for half off burgers. so here's the update on business hours of operation: they still offer half off for the same menu items (including the same exclusions), but they don't let you modify any of the standard burgers by adding anything (like lettuce or tomato for example) - they only let you take off toppings.  the half off still takes place during the last hour of their day, but they have cut short their days. they close Sun-Thurs at 10 (or 10:30? i'm leaning towards 10), and Fri-Sat at 11PM.  We came here tonight at 10:34PM, and while we were eating our food we could sense them starting to rush us, which prompted me to ask about their hours. so that means half off Sun-Thurs 9-10, and Fri-Sat 10-11.\n\nupdates on the food:\n\nAppetizers- after ordering two appetizers last week, we decided to get the same bangkok steak fries and a sonoma chicken salad instead of nachos.  the bangkok steak fries changed! to my dismay, they inundated the mushroom with the tempura batter, making the final result too crispy for my liking (although some people may like it better).  they did give thick mushroom slices only, however, and they also presented it differently, stacked 2 parallel on the bottom, two perpendicular to the first level, and 1 on the top. no minced green onion as garnish.) the sonoma chicken salad came with a legit serving of chicken, but lacked a bit on the actual greens.  for a salad that usually costs 11 dollars, i would not have paid that much to get a slightly small quantity of baby spinach (as much of a premium baby spinach is).  pictures for both of these will be uploaded and dated (i forgot to bring an actual camera again. sorry...)\n\nBurgers -\nDO NOT ASK FOR THE BURGERS WELL DONE. \n\nreminiscient of the jump in difficulty from medium to hard in rock band or guitar hero, the jump in wellness between slightly pink and well done is a bit too big.  last time my friend asked for the morty steakhouse burger medium well, and it was pink in the center, but still tasted juicy and tender.  this time he said \""well done\"" to his farmer john burger  and i said \""just a tiny bit of pink\"" to my morty steakhouse burger. those patties were definitely a bit too well-done.  i'll remember to say slightly pink next time. regardless, the quality of the meat itself is still great. the peppercorn rub was definitely memorable and aromatic. the only complaint i heard from my friend was that the ham slice in his burger was thinner than he anticipated, but i explained that it was probably so you could bite through it, instead of trying to bite through it and pulling the whole slice out of the burger (pet peeve).  we both were able to substitute fries in place of the potato chips for a dollar extra.  the fries were well seasoned, not steak fries, and not very crispy (i.e. if you like to pick up a fry and have it stay completely straight like a mcdonalds fry, don't get these fries.  i'd liken the softness of these fries to those of In N Out, for anyone currently on this side of the coast who has actually tried them)  \n\noverall, this visit hasn't deterred me from visiting any less often. i'm sure they're still straightening things out, and i hope to see them revert the way they make their bangkok steak fries back the way they first served them to me!\n\np.s. not to be a iphone check-in snob, but is there any way to tell yelp that they have the waterworks mall tagged at the wrong location? that location is too far away for me to check into any place at the waterworks mall.",1,0,0.00011086535232607300,0.9998891346476740,FALSE,confident_false_negative,The review criticizes several food and service details but says the problems did not stop the writer from returning. It has mixed sentiment.,Add more mixed reviews and test aspect-aware pooling.
experimental_bigru,17783,Sushi is pretty good but prices are outrageous. I bought two drinks and two rolls for happy hour and two rolls after and the bill was over $60.,0,1,0.5001471638679500,0.5001471638679500,FALSE,near_threshold_error,"The food is described as good, but the high price makes the overall review negative. The positive and negative aspects are balanced.",Tune the validation decision threshold and compare macro-F1 with the default 0.50 threshold.
experimental_bigru,927,"Very boring pizza, if you don't like garlic, oregano, any spices, and think ketchup is pretty good then this is the spot for you.",0,1,0.5005922913551330,0.5005922913551330,FALSE,near_threshold_error,"The review is negative and somewhat sarcastic, but the phrase “ketchup is pretty good” may have confused the classifier.",Add sarcasm and conditional-language examples to the training data.
experimental_bigru,35818,"After 2 weeks of research on tires, they offered me the lowest price I could find. They were fast ( I was in and out in about 20 min) and they were courteous.",1,0,0.4993511140346530,0.5006488859653470,FALSE,near_threshold_error,"The review clearly praises the low price, speed, and courtesy, but the model assigned a slightly negative probability near the threshold.",Add more short positive service reviews and test a character-level or phrase-based feature.
experimental_bigru,6422,"I love Jamba Juice. I hate Jamba attitude. \n\nJamba deserves 5 stars for its array of flavors, boosters and options for juice, smoothie, etc. Yet, when the manager stands there and patronizes you and seems to be annoyed that you want to cash in on a free 16 oz jamba juice (from a promo card that was a gift from another Jamba manager), then I have a problem. This Jamba is worthy of only 2 stars because, let's face it, the teens behind the counter know how to make a mean peanut butter moo'd smoothie and instruct you that the straw tends to get stuck to the bottom of the cup. So, instead of sucking up all the air in the room, you can dutifully swirl the yummy cup contents and exercise the straw enough until the Jamba froth touches your tongue. \n\nI'll definitely be going back for the peanut butter smoothie. I just won't be going back to this Jamba Juice.",0,1,0.5018528699874880,0.5018528699874880,FALSE,near_threshold_error,The reviewer loves the product but strongly dislikes the manager and gives the location only two stars. This is a mixed aspect-level review.,Separate product sentiment from service sentiment and test aspect-aware features.
experimental_bigru,14761,"The place itself was interesting and Las Vegas themed through out. \n\nService was a bit slow sometimes so once again another restaraunt i am not blown away by at all as far as our waiter/waitresses.\nWe had gone with a lot of people for a fantasy football draft party type shin-dig. But you would think if a waiter/waitress has a big party they would want to work it to their best effort by making sure everyone is satisfied.  A lot of people were getting annoyed by the waiter forgetting about their drinks or not coming around often enough.\n\nLets get to the FOOD: i had ordered a turkey burger \""The gobbler\"" to be somewhat healthy for the night.  It came out piping hot! awesome.  But...The turkey was bland. my mustard, ketchup, and pickle made it better but nothing Rachel ray mouth watering gurgling noises came out of me at all. I was starving so you would think with me being starving that someone definitely would have heard some sort of a mmmm oh my god yumm of some sort. Nope. None.  Tasted like i could have made the same thing for the same price but made 4 burgers instead even though it wasn't stellar.  My boyfriends buffalo chicken tender sandwich looked more mouthwatering than my plate. The fries were decent enough and i happened to steal off his plate when he wasn't looking.  I had ordered the red cabbage cole slaw which was awesome too especially with the french fries! YUM. Those two things together were awesome! Not too many beers on draft. Disappointed with that for sure.\n\nIf we go to this location again with friends i will definitely order something else because everyone elses plate looked more amazingly mouthwatering than mine.\n:(",0,1,0.5018861889839170,0.5018861889839170,FALSE,near_threshold_error,"The review includes positive food comments but also criticizes slow service, bland food, and limited choices.",Add mixed restaurant reviews and test a model that captures contrast between sentences.
experimental_bigru,55,"I went to a Bob Marley laser show as a 'favor' for my husband...  the lasers were really cool.  I would not recommend them if you are prone to migraines, or have a neuro disorder, such as seizures.\nI think if the music was more my taste, it would have been awesome.",1,0,0.3917347192764280,0.6082652807235720,FALSE,slice_specific_failure,"The lasers were enjoyable, but the reviewer would not recommend the show for people with medical sensitivities. Negation changes the meaning.",Add explicit negation-scope features and evaluate performance on reviews containing negation.
experimental_bigru,90,"Port Authority (formerly known as PATransit, or \""PAT\"") operates a fairly extensive network of buses and (in the South Hills) light rail. Instead of running school buses, the school district gave high schoolers bus passes to get to class, and I have used the bus since 1997.\n\nI've had a great experience using the bus in Pittsburgh. I didn't get a driver's license until I was almost 19--the bus (\""Miss Pat\""--another nickname) and my bike got me everywhere I needed to go. There will inevitably be delays and problems, but that is common to all modes of transportation. The price is right (especially with a \""free\"" bus pass; students see below) and if you live and work in the city, you should consider making the bus your main means of commuting.\n\nThe system is largely built on the legacy of pre-World War II trolley lines, so the neighborhoods that were developed before 1950 are fairly well-served, while more recent developments can be harder to navigate by bus. The system just had a major overhaul (in spring 2010) but still travel many of the same routes.\n\nThe route numbering system is complicated, and there are many exceptions, but as a rule, the routes are numbered in a counter-clockwise fashion from downtown. The \""oughts\"" and 10's go north, the 20's and 30's go west, the 40's and 50's go south, and the 60's, 70's, 80's an 90's go east. Routes that are just letters are express or flyer routes, which may go on one of three \""busways,\"" transit-only highways that bypass traffic jams. The light rail (known as the \""T\"" or the trolley) serves southern city and suburban neighborhoods above ground, and has three underground stations downtown, with a major construction project underway to extend trains to the North Side, projected for completion in 2011.\n\nThe University of Pittsburgh and Carnegie Mellon University (among others) have agreements with the Port Authority to allow students, staff and faculty to use their university IDs as bus passes. Others can purchase passes at $75 per month or $20 per week, while a local one-way fare is $2.00. Port Authority is supposed to be rolling out a \""smart card\"" digital payment system (\u00e0 la WMATA's SmarTrip or London's Oyster) soon, but that remains in development.\n\nOne especially great value is the 28X, a route serving the Pittsburgh International Airport from Downtown and Oakland (the university district) via the West Busway. Fare, as of mid-2010, is $2.75, compared with taxis and other shuttles costing $30 or more. The 28X runs every half hour and takes around 35 minutes to get to the airport from downtown, or 15 minutes longer from Oakland.\n\nThe Port Authority's fare revenues cover only a fraction of its expenses, and the state and county's perennial budget problems have caused several funding crises in recent years.",1,0,0.057983726263046300,0.9420162737369540,FALSE,slice_specific_failure,"This is a long, mostly informational review with positive personal experiences, but it contains many neutral transportation terms that may appear negative or unclear.",Create a long-review slice and test a larger maximum sequence length.
experimental_bigru,102,"Yes, I went and had the tacos. YES, the lengua tacos. YES, I KNOW!!! They were good. Did you also know that you can buy homemade tortilla chips in hella bulk, along with any kind of sauce you can imagine? If you suddenly need plantains for a questionable contribution to a fireside potluck, you can get those here, too. I'm not sure what else you can really ask for in a Mexican food store. Nope, pretty sure they've got it all. Oh, if you buy a plantain that is pitch-black, or you find that your plantains at home have gone pitch-black, simply slice them open, place in oven, bake until warm and tender, then spread with guava paste (available at Reyna Foods). So the man at the counter tells me. True story.",1,0,0.0504622645676136,0.9495377354323860,FALSE,slice_specific_failure,"The review is enthusiastic and positive but uses slang, capitalization, and unusual food terms that may be rare in the vocabulary.",Add character n-grams or increase vocabulary coverage for slang and rare words.
experimental_bigru,110,"Last weekend my mother and I headed down to the strip to get some weekly goods - lunch meat and cheese from Penn Mac - veggies at Stans - needed some new spices from Penzeys for a chili I was going to make that day....we were both a little hungry and knew we wanted to have a snack before shopping.\n\nWe parked in front of Roland's and see the sign: Famous for Lobster Rolls and Bloody Mary's!\n\nPerfect. \n\nMy mother got the Lobster Roll, which she said was 'good'. The bread, from Mancini's, was of course tasty - toasted and buttery - delicious mostly because it was Mancini's bread. I had the Lobster Roll minus the carbs on a salad - and the lobster was tasty, no doubt , I mean, lobster is just - good. For the price though, not sure that I got enough bang for my buck. The salad was something I could have picked up at Get-Go in the pre-made section. I just didn't feel satisfied at the end of my meal. I couldn't even drink my Bloody Mary (this is a rare affair), way too much horseradish, and I often like horseradish in my Bloodies!\n\nAnd it was cold - didn't even take my winter coat off. So, needless to say, not the best experience.\n\nTalk about false advertisement...",0,1,0.9320966601371770,0.9320966601371770,FALSE,slice_specific_failure,"The review starts positively but ends with complaints about price, cold food, and false advertising. The model likely focused on the earlier positive food words.",Test longer sequences and add more examples where the final sentence reverses the earlier sentiment.
experimental_bigru,128,"The steaks here are very good.  It's the same quality as the other high end places (prime cuts, aged, etc.).  However, I love the fact that they serve them on  platters sizzling with butter.  That's something somewhat unique compared to some of the other shops.  I love the sound of the sizzle as the plates approach the table.  I had dinner a couple of nights ago and while the steaks are top notch the bar isn't that good.  The  bartenders are competent, but the atmosphere is pretty lame.  It's kind of an afterthought it seems.  Oh yeah, and they don't have Guiness on tap.  I'm going to start a petition that  no liquor licenses should be issued without a guarantee that the proprietor have guiness on tap.  I mean, how do you not at a steakhouse?  If you  go here for dinner do your  happy hour elsewhere.  The service is very good.  The crab stuffed mushrooms are okay, but they certainly aren't noteworthy.  The mashed potatoes are great and the asparagus is okay, but I think  at high end steakhouses they should have asparagus that is as big as a baseball bat, something you can't get at the local grocery.  Overall a very fine experience.  I'd rate the chain steakhouses  in this city in this order for sit down dinners Mortons, Capital Grille,  Ruth Chris, Hyde Park.  And, for bar area and bar dining Capital Grille, Hyde Park, Mortons, Ruth Chris.",1,0,0.17102724313736000,0.8289727568626400,FALSE,slice_specific_failure,"Most of the review is positive about the steaks and service, but the model may have over-weighted complaints about the bar and missing Guinness.",Add aspect-level pooling so a few negative details do not dominate the overall review.