metric,value
training_cross_entropy_loss,0.4804840487241745
validation_cross_entropy_loss,0.5496274960041047
training_perplexity,1.6168568503016727
validation_perplexity,1.7326074944298362
validation_bits_per_character,0.7929448628213404
generalization_gap,0.06914344727993016
parameter_count,10927104
training_top1_next_character_accuracy,0.845162353515625
validation_top1_next_character_accuracy,0.826241455078125
distinct_1,0.10126582278481013
distinct_2,0.4507936507936508
distinct_3,0.7070063694267515
repeated_4gram_rate,0.17891373801916932
gradient_norm,0.15513651072978973
contains_nan_or_infinite_loss,False
training_loss_spike_count,0
generation_tokens_per_second,268.08882426086785
generation_time_seconds,0.3730107000010321
generation_peak_memory_gb,0.28139543533325195
