epoch,fid_photo_to_monet,mifid_photo_to_monet,fid_monet_to_photo,mifid_monet_to_photo,fid_average,mifid_average
151,110.81766799957012,0.3975152606318393,102.45813372048646,0.4153477592247039,106.63790086002828,0.4064315099282716
152,109.19392441514502,0.3981039705971011,102.76443498454478,0.41657578002474205,105.9791796998449,0.4073398753109216
153,107.85189121503416,0.396909843715124,104.76057378244195,0.41644917242039525,106.30623249873805,0.40667950806775965
154,108.12685280735363,0.39391366191651866,102.4391020111961,0.41693097738162993,105.28297740927486,0.40542231964907427
155,107.13381428185247,0.39740934472408773,102.7701597033352,0.41915599452875135,104.95198699259383,0.40828266962641957
156,108.66873153076887,0.39556836056408573,103.679541782584,0.4155367793273678,106.17413665667644,0.40555256994572675
157,110.25223458878,0.39903426409141274,102.18606427027764,0.41716058125832367,106.21914942952881,0.4080974226748682
158,108.36439053659208,0.3978087213374544,104.01879517598275,0.41850181604759823,106.19159285628741,0.4081552686925263
159,109.15671094620264,0.3970676554477514,104.83215930135253,0.41867801580077074,106.99443512377758,0.4078728356242611
160,109.62207728099847,0.3974170399656599,103.6739602451913,0.41863278844787827,106.64801876309488,0.4080249142067691
161,109.72216335617159,0.39720037307903966,105.20141209686474,0.4205705737879035,107.46178772651817,0.4088854734334716
