epoch,lr_G,lr_D,loss_G,loss_D_A,loss_D_B,loss_cycle,loss_identity,gradnorm_G_mean,gradnorm_G_max,gradnorm_D_A_mean,gradnorm_D_A_max,gradnorm_D_B_mean,gradnorm_D_B_max,nan_count,local_fid_photo_to_monet,epoch_time_sec,pairs_per_sec,peak_memory_gb
1,0.0002,0.0002,7.559999465942383,0.249095618724823,0.23713237047195435,0.45907729864120483,0.4213564991950989,40.087528228759766,209.45703125,15.371845245361328,118.61801147460938,15.648499488830566,126.60338592529297,0,225.890625,446.6812701225281,12.60406553078809,18.429267406463623
2,0.0002,0.0002,6.055457592010498,0.21755489706993103,0.20968841016292572,0.3550953269004822,0.32776767015457153,30.54046058654785,94.89851379394531,12.638076782226562,56.47077941894531,12.269363403320312,53.25775146484375,0,,410.72354650497437,13.707517009696968,2.7134947776794434
3,0.0002,0.0002,5.404934883117676,0.21010713279247284,0.20412276685237885,0.3093963861465454,0.2875126600265503,27.825462341308594,158.89154052734375,10.905184745788574,46.35820007324219,10.234745979309082,38.74555969238281,0,,411.2652359008789,13.689462440625336,2.7134947776794434
4,0.0002,0.0002,5.071096420288086,0.20082882046699524,0.19730475544929504,0.2840419411659241,0.2665833830833435,26.179792404174805,176.26327514648438,9.880913734436035,34.57884216308594,9.227605819702148,39.88432693481445,0,,415.38725686073303,13.55361751477025,2.7134947776794434
5,0.0002,0.0002,4.836733341217041,0.18869875371456146,0.19402246177196503,0.2678496539592743,0.251187801361084,25.05027961730957,151.6531982421875,8.8367280960083,35.95693588256836,8.509267807006836,29.90166664123535,0,133.65293884277344,411.0529794692993,13.696531301801434,2.7134947776794434
6,0.0002,0.0002,4.641468048095703,0.1905694305896759,0.18162742257118225,0.25503459572792053,0.23784923553466797,24.197336196899414,252.31695556640625,7.706732273101807,27.822969436645508,8.09710693359375,30.004762649536133,0,,409.9655659198761,13.732860679085254,2.7142186164855957
7,0.0002,0.0002,4.539748191833496,0.17947842180728912,0.1644829511642456,0.24432365596294403,0.22764161229133606,23.487497329711914,141.31455993652344,7.13330078125,24.642236709594727,7.742608547210693,32.193267822265625,0,,407.8861994743347,13.802869543651365,2.7142186164855957
8,0.0002,0.0002,4.389946460723877,0.1790018379688263,0.17186535894870758,0.23576317727565765,0.2189941555261612,22.829078674316406,95.3478012084961,6.856314659118652,22.939388275146484,7.599417209625244,27.00543785095215,0,,412.02438378334045,13.66423984013647,2.7142186164855957
9,0.0002,0.0002,4.278906345367432,0.1797221302986145,0.1644529402256012,0.22855836153030396,0.21107539534568787,22.008502960205078,78.68619537353516,6.564192771911621,21.687875747680664,7.3397369384765625,25.21158790588379,0,,414.1347019672394,13.594610577805112,2.7142186164855957
10,0.0002,0.0002,4.202846527099609,0.17679594457149506,0.1604902446269989,0.22243423759937286,0.2045174241065979,21.693714141845703,155.6621551513672,6.4868011474609375,24.054241180419922,7.123267650604248,26.37911605834961,0,116.33863830566406,409.21259093284607,13.75812994210609,2.7142186164855957
11,0.0002,0.0002,4.123615264892578,0.175551176071167,0.16024331748485565,0.21673938632011414,0.19780822098255157,21.038667678833008,87.58057403564453,6.362926006317139,21.417634963989258,7.008297920227051,28.77691650390625,0,,408.4588303565979,13.783518880188797,2.7134947776794434
12,0.0002,0.0002,4.057778358459473,0.17469637095928192,0.1569962054491043,0.2125859260559082,0.19262534379959106,20.625995635986328,120.86187744140625,6.287708282470703,24.315690994262695,6.886962890625,24.984031677246094,0,,409.0194945335388,13.764625097932468,2.7134947776794434
13,0.0002,0.0002,4.015480041503906,0.17319126427173615,0.14995507895946503,0.20848970115184784,0.1873718500137329,20.293132781982422,119.37924194335938,6.19610595703125,20.4471435546875,6.71145486831665,24.73038101196289,0,,407.9974193572998,13.799106888638386,2.7134947776794434
14,0.0002,0.0002,3.981830358505249,0.172439306974411,0.14501385390758514,0.20620253682136536,0.18214291334152222,20.072772979736328,82.4227523803711,6.123396396636963,22.810359954833984,6.634705066680908,21.838151931762695,0,,408.33999466896057,13.787530179511846,2.7134947776794434
15,0.0002,0.0002,3.938364028930664,0.17450781166553497,0.14069640636444092,0.20301471650600433,0.1783222109079361,19.679006576538086,97.6342544555664,5.982560634613037,19.090848922729492,6.480440139770508,25.062969207763672,0,107.18193054199219,408.6973931789398,13.77547323267369,2.7134947776794434
16,0.0002,0.0002,3.887096405029297,0.17422761023044586,0.13622906804084778,0.19921109080314636,0.17297105491161346,19.271312713623047,318.1324157714844,5.874436378479004,20.54749870300293,6.431360244750977,30.951919555664062,0,,407.8716928958893,13.803360463745342,2.7134947776794434
17,0.0002,0.0002,3.863935947418213,0.17446324229240417,0.1308375597000122,0.1971825808286667,0.16934871673583984,19.099590301513672,78.02069854736328,5.846090793609619,19.69241714477539,6.2711052894592285,21.851686477661133,0,,408.0975229740143,13.795722059206156,2.7134947776794434
18,0.0002,0.0002,3.8329734802246094,0.1763676255941391,0.1262912005186081,0.19491304457187653,0.1657436490058899,18.977542877197266,89.04012298583984,5.834795951843262,19.933364868164062,6.248859882354736,21.115177154541016,0,,407.8314070701599,13.804723967792558,2.7134947776794434
19,0.0002,0.0002,3.827507495880127,0.1749686449766159,0.12099598348140717,0.19285719096660614,0.16318164765834808,18.95699691772461,90.56806182861328,5.790525436401367,21.679353713989258,6.1070709228515625,22.419828414916992,0,,407.6099648475647,13.812223658725985,2.7134947776794434
20,0.0002,0.0002,3.7680203914642334,0.1762736439704895,0.11833894997835159,0.1895492821931839,0.1591017097234726,18.637596130371094,76.9864273071289,5.7262725830078125,20.518417358398438,6.076613903045654,21.497394561767578,0,104.8899154663086,407.90580534935,13.802206112703397,2.7134947776794434
21,0.0002,0.0002,3.7420215606689453,0.17680300772190094,0.11461818218231201,0.18767628073692322,0.15579570829868317,18.203508377075195,86.22660064697266,5.63710355758667,17.928815841674805,5.969146728515625,24.107431411743164,0,,408.0577492713928,13.797066738844299,2.7142186164855957
22,0.0002,0.0002,3.7237462997436523,0.17743290960788727,0.11134473979473114,0.185832679271698,0.15403875708580017,18.36687660217285,87.68600463867188,5.611985206604004,18.607370376586914,5.937494277954102,21.1080322265625,0,,407.1835210323334,13.826689217987623,2.7142186164855957
23,0.0002,0.0002,3.6931073665618896,0.1775253415107727,0.10883784294128418,0.1834963709115982,0.15131664276123047,18.286846160888672,63.69404983520508,5.56739616394043,18.507577896118164,5.841259002685547,21.739831924438477,0,,407.6646604537964,13.810370498470247,2.7142186164855957
24,0.0002,0.0002,3.65798282623291,0.1789393275976181,0.1068049967288971,0.18072475492954254,0.14859075844287872,18.123971939086914,82.9290771484375,5.556422233581543,18.825159072875977,5.798886299133301,22.243412017822266,0,,408.8725936412811,13.769570491044956,2.7142186164855957
25,0.0002,0.0002,3.6409149169921875,0.17839667201042175,0.10403414815664291,0.17957817018032074,0.1465059220790863,18.169071197509766,124.78663635253906,5.539745807647705,17.898662567138672,5.7468719482421875,27.973974227905273,0,98.64411926269531,407.0880973339081,13.829930270307251,2.7142186164855957
26,0.0002,0.0002,3.6272947788238525,0.17810240387916565,0.10035494714975357,0.1779143363237381,0.14438337087631226,17.995840072631836,109.21788024902344,5.596492767333984,19.67281723022461,5.654407978057861,20.7186336517334,0,,407.13426780700684,13.828361907057108,2.7134947776794434
27,0.0002,0.0002,3.602304458618164,0.17963658273220062,0.09871043264865875,0.1762249767780304,0.14242419600486755,18.07788848876953,95.02291870117188,5.585455417633057,19.362829208374023,5.596471309661865,20.334863662719727,0,,406.9758388996124,13.833745057747116,2.7134947776794434
28,0.0002,0.0002,3.575514316558838,0.17854470014572144,0.09654584527015686,0.17413167655467987,0.14003360271453857,17.993804931640625,62.216304779052734,5.599821090698242,19.486581802368164,5.554611682891846,21.08283042907715,0,,407.7171120643616,13.808593834813726,2.7134947776794434
29,0.0002,0.0002,3.5684144496917725,0.17847664654254913,0.09461940079927444,0.1729210913181305,0.13865822553634644,18.02381134033203,160.72781372070312,5.584090232849121,19.0793399810791,5.504567623138428,23.31614112854004,0,,407.60919404029846,13.81224977826037,2.7134947776794434
30,0.0002,0.0002,3.5534579753875732,0.17800046503543854,0.09140019118785858,0.17145656049251556,0.13760551810264587,17.996435165405273,89.16336822509766,5.514179229736328,18.836307525634766,5.48060941696167,23.03577423095703,0,98.12966918945312,407.6301555633545,13.81153951237785,2.7134947776794434
31,0.0002,0.0002,3.5297558307647705,0.17875929176807404,0.0904383733868599,0.16916491091251373,0.13501442968845367,17.809738159179688,103.84406280517578,5.557774066925049,18.998838424682617,5.397375106811523,22.04712677001953,0,,414.60115599632263,13.579315731695491,2.7134947776794434
32,0.0002,0.0002,3.50819730758667,0.17871826887130737,0.08817195147275925,0.1681731939315796,0.13349556922912598,17.77457046508789,68.71477508544922,5.535427570343018,19.29145622253418,5.415024280548096,21.003135681152344,0,,413.5343894958496,13.61434536765776,2.7134947776794434
33,0.0002,0.0002,3.5106890201568604,0.177564799785614,0.08543456345796585,0.1673206090927124,0.1325916200876236,17.833276748657227,100.65628051757812,5.53903341293335,19.386981964111328,5.313249111175537,31.269067764282227,0,,408.8441786766052,13.770527486104472,2.7134947776794434
34,0.0002,0.0002,3.4743378162384033,0.17946983873844147,0.0838436484336853,0.16488617658615112,0.13068555295467377,17.477018356323242,112.83614349365234,5.529915809631348,20.26436996459961,5.236795425415039,23.391921997070312,0,,407.6442153453827,13.81106314787246,2.7134947776794434
35,0.0002,0.0002,3.472986936569214,0.177805557847023,0.08268275856971741,0.16420264542102814,0.12934920191764832,17.321409225463867,99.95329284667969,5.485326290130615,22.400516510009766,5.215760231018066,20.68390464782715,0,98.09681701660156,407.8429274559021,13.80433402417832,2.7134947776794434
36,0.0002,0.0002,3.4552502632141113,0.17686298489570618,0.07991442084312439,0.1627781093120575,0.1277252733707428,17.29369354248047,65.24608612060547,5.4447855949401855,20.374385833740234,5.138931751251221,19.171558380126953,0,,408.9446773529053,13.767143361402654,2.7142186164855957
37,0.0002,0.0002,3.4494400024414062,0.1779727041721344,0.07906556874513626,0.1616850048303604,0.1266552358865738,17.28176498413086,67.67388153076172,5.4525980949401855,19.61127281188965,5.119638919830322,22.329158782958984,0,,408.274934053421,13.789727290148404,2.7142186164855957
38,0.0002,0.0002,3.432264566421509,0.17641456425189972,0.07790924608707428,0.16064834594726562,0.125765860080719,17.11860466003418,58.485416412353516,5.4373931884765625,20.27570152282715,5.071462154388428,20.63166618347168,0,,406.7386634349823,13.841811723659664,2.7142186164855957
39,0.0002,0.0002,3.425769805908203,0.17566609382629395,0.07791285961866379,0.1595609337091446,0.12455565482378006,16.94676399230957,100.79764556884766,5.419641971588135,20.21180534362793,5.1120686531066895,19.731107711791992,0,,408.7686378955841,13.773072290927876,2.7142186164855957
40,0.0002,0.0002,3.4080376625061035,0.17671383917331696,0.0748404711484909,0.15816593170166016,0.12296750396490097,16.903430938720703,84.23087310791016,5.359659671783447,17.232112884521484,5.013094425201416,20.397090911865234,0,105.0118408203125,408.37419271469116,13.78637558503452,2.7142186164855957
41,0.0002,0.0002,3.385368585586548,0.17660412192344666,0.07408453524112701,0.15679821372032166,0.12150546908378601,16.842479705810547,107.468994140625,5.386149883270264,18.22292137145996,4.986786842346191,19.056264877319336,0,,412.0606029033661,13.663038786846393,2.7134947776794434
42,0.0002,0.0002,3.3851077556610107,0.17669802904129028,0.07271187007427216,0.1564827263355255,0.1211685985326767,16.771089553833008,60.04507827758789,5.377734661102295,18.3043212890625,4.92930269241333,19.7401123046875,0,,411.1697585582733,13.692641257812944,2.7134947776794434
43,0.0002,0.0002,3.372333288192749,0.17594404518604279,0.07286961376667023,0.15493513643741608,0.12016257643699646,16.7376651763916,50.93263244628906,5.383803367614746,17.82729721069336,4.952606201171875,18.237258911132812,0,,408.7723391056061,13.772947583289126,2.7134947776794434
44,0.0002,0.0002,3.359823226928711,0.17699824273586273,0.07257682830095291,0.15466421842575073,0.1185830608010292,16.83840560913086,89.71078491210938,5.386295795440674,20.160234451293945,4.975233554840088,22.43783950805664,0,,407.9407072067261,13.80102524837505,2.7134947776794434
45,0.0002,0.0002,3.356513023376465,0.1761551946401596,0.07018203288316727,0.1536194235086441,0.11813566088676453,16.970666885375977,203.74896240234375,5.387983322143555,19.27741813659668,4.8622822761535645,20.260028839111328,0,97.59538269042969,407.1406309604645,13.828145785200945,2.7134947776794434
46,0.0002,0.0002,3.335590124130249,0.17688646912574768,0.06967951357364655,0.1523447483778,0.11716070026159286,16.742448806762695,44.19681167602539,5.372714996337891,19.79755401611328,4.835634231567383,20.425067901611328,0,,408.75698804855347,13.773464832682569,2.7134947776794434
47,0.0002,0.0002,3.3231379985809326,0.176036074757576,0.0687040463089943,0.15153178572654724,0.11594193428754807,16.78164291381836,111.88057708740234,5.438675403594971,20.29332733154297,4.821556091308594,17.749223709106445,0,,409.1088662147522,13.761618153356428,2.7134947776794434
48,0.0002,0.0002,3.319894313812256,0.17346931993961334,0.06748183071613312,0.15055565536022186,0.11494513601064682,16.904922485351562,56.77383041381836,5.396132469177246,18.60126495361328,4.776946544647217,18.873159408569336,0,,409.2086820602417,13.75826136350445,2.7134947776794434
49,0.0002,0.0002,3.303697347640991,0.1709149032831192,0.06750234961509705,0.14911845326423645,0.11387605220079422,17.049190521240234,73.37403869628906,5.4284348487854,16.507709503173828,4.7378716468811035,17.929906845092773,0,,408.07989144325256,13.7963181182205,2.7134947776794434
50,0.0002,0.0002,3.3085548877716064,0.1654658019542694,0.0656263679265976,0.14783626794815063,0.1128988191485405,17.09914779663086,77.56961059570312,5.531160831451416,18.74275779724121,4.720241546630859,19.554786682128906,0,96.4422836303711,407.4354672431946,13.818139196604363,2.7134947776794434
51,0.0002,0.0002,3.3104617595672607,0.1613943874835968,0.0649116113781929,0.14678089320659637,0.11240740865468979,17.172258377075195,49.00132369995117,5.549516677856445,17.675392150878906,4.715835094451904,17.658092498779297,0,,408.59619665145874,13.778884987523538,2.7142186164855957
52,0.00019800000000000002,0.00019800000000000002,3.3073887825012207,0.15595896542072296,0.06343891471624374,0.1458013355731964,0.11147690564393997,17.24247169494629,99.17728424072266,5.544595241546631,20.170419692993164,4.648062229156494,22.402629852294922,0,,408.81699895858765,13.771443003450813,2.7142186164855957
53,0.000196,0.000196,3.3024606704711914,0.15473222732543945,0.06233440712094307,0.14495274424552917,0.10999930649995804,17.338138580322266,66.89055633544922,5.560732841491699,17.738418579101562,4.587869644165039,17.81342887878418,0,,407.5293757915497,13.814955030087773,2.7142186164855957
54,0.000194,0.000194,3.2843947410583496,0.15679523348808289,0.06200260668992996,0.14388367533683777,0.10876607894897461,17.24332618713379,50.499996185302734,5.604188442230225,21.159534454345703,4.575642108917236,22.229429244995117,0,,407.2085783481598,13.825838401632097,2.7142186164855957
55,0.000192,0.000192,3.272578477859497,0.15644483268260956,0.060649365186691284,0.1431073397397995,0.10829497128725052,17.33647918701172,59.9224967956543,5.655279636383057,18.844970703125,4.529937744140625,20.031692504882812,0,94.74288940429688,407.2733676433563,13.823638978844581,2.7142186164855957
56,0.00019,0.00019,3.262503147125244,0.15620915591716766,0.05929867923259735,0.14157724380493164,0.1067151203751564,17.286359786987305,185.51271057128906,5.700728893280029,20.206016540527344,4.444754123687744,17.024627685546875,0,,409.64622163772583,13.743566283833417,2.7134947776794434
57,0.000188,0.000188,3.2612133026123047,0.15583394467830658,0.05865907669067383,0.141539067029953,0.10665716975927353,17.31449317932129,68.21038055419922,5.703453540802002,20.215682983398438,4.398186683654785,16.168964385986328,0,,408.3513231277466,13.787147686647115,2.7134947776794434
58,0.000186,0.000186,3.2384262084960938,0.15609192848205566,0.05789327248930931,0.13981510698795319,0.10542846471071243,17.215065002441406,48.87247848510742,5.634235858917236,19.744966506958008,4.412932395935059,16.330764770507812,0,,408.6750614643097,13.776225982146645,2.7134947776794434
59,0.00018400000000000003,0.00018400000000000003,3.219325542449951,0.15815378725528717,0.05692324414849281,0.13910149037837982,0.10432661324739456,17.18209457397461,65.32537841796875,5.663458347320557,20.620811462402344,4.3646063804626465,17.297794342041016,0,,408.9847877025604,13.765793176871146,2.7134947776794434
60,0.000182,0.000182,3.2276101112365723,0.15917830169200897,0.055862024426460266,0.13865342736244202,0.10389062762260437,17.23877716064453,94.98274230957031,5.667154788970947,24.39046287536621,4.294447422027588,15.644142150878906,0,97.57809448242188,407.6309461593628,13.81151272503967,2.7134947776794434
61,0.00018,0.00018,3.199401617050171,0.16064691543579102,0.0558977834880352,0.13733169436454773,0.10244546085596085,17.321258544921875,67.58145141601562,5.696836471557617,19.285215377807617,4.3016767501831055,18.92146110534668,0,,410.27181100845337,13.722609862377306,2.7134947776794434
62,0.00017800000000000002,0.00017800000000000002,3.1786563396453857,0.15961946547031403,0.054031286388635635,0.13564631342887878,0.10155171155929565,17.11571502685547,46.217525482177734,5.655641555786133,21.16674041748047,4.214104652404785,18.825992584228516,0,,408.5773959159851,13.779519024487799,2.7134947776794434
63,0.00017600000000000002,0.00017600000000000002,3.175455093383789,0.16019926965236664,0.054096173495054245,0.1356455236673355,0.10107116401195526,17.366573333740234,56.237796783447266,5.716987609863281,18.31461524963379,4.231791019439697,16.658594131469727,0,,414.3563303947449,13.587339174078666,2.7134947776794434
64,0.000174,0.000174,3.164228916168213,0.16163073480129242,0.05265403166413307,0.13412341475486755,0.10014502704143524,17.328588485717773,68.99761962890625,5.697202205657959,17.923707962036133,4.133769989013672,15.903536796569824,0,,411.78796887397766,13.672084726989652,2.7134947776794434
65,0.000172,0.000172,3.1402013301849365,0.1610509306192398,0.05307091772556305,0.13311071693897247,0.09919983893632889,17.26796531677246,60.80092239379883,5.671968460083008,23.67780876159668,4.191519737243652,18.3780517578125,0,100.30570220947266,418.0080087184906,13.468641467564678,2.7134947776794434
66,0.00017,0.00017,3.135140895843506,0.16126149892807007,0.0515093132853508,0.13251860439777374,0.0982687696814537,17.281190872192383,61.222145080566406,5.691778659820557,19.72289276123047,4.09892463684082,15.397171974182129,0,,414.1551079750061,13.593940752119773,2.7142186164855957
67,0.000168,0.000168,3.117197275161743,0.16268959641456604,0.05183178558945656,0.13167591392993927,0.09717018157243729,17.296499252319336,46.99227523803711,5.688961982727051,22.799013137817383,4.112194538116455,16.195003509521484,0,,417.03525614738464,13.50005764982685,2.7142186164855957
68,0.000166,0.000166,3.1081173419952393,0.16300515830516815,0.05101000517606735,0.13082091510295868,0.09682456403970718,17.224632263183594,70.27034759521484,5.670340061187744,18.66438102722168,4.077994346618652,18.15515899658203,0,,414.6581802368164,13.577448289539682,2.7142186164855957
69,0.00016400000000000003,0.00016400000000000003,3.103464365005493,0.16250821948051453,0.04955173283815384,0.13008034229278564,0.09564907848834991,17.266462326049805,64.28694915771484,5.665341377258301,19.392730712890625,3.981414318084717,18.235456466674805,0,,407.11958026885986,13.828860788965184,2.7142186164855957
70,0.000162,0.000162,3.09014630317688,0.162867471575737,0.049273546785116196,0.12952227890491486,0.09458643943071365,17.33319854736328,87.71199035644531,5.68616247177124,22.35515594482422,3.994793176651001,16.146060943603516,0,97.17196655273438,407.83633399009705,13.804557198027153,2.7142186164855957
71,0.00016,0.00016,3.0760927200317383,0.16439934074878693,0.048938632011413574,0.12865374982357025,0.0936262384057045,17.428241729736328,55.4269905090332,5.716875076293945,22.11039161682129,3.9847524166107178,18.655792236328125,0,,408.3032386302948,13.788771352601934,2.7134947776794434
72,0.00015800000000000002,0.00015800000000000002,3.0788989067077637,0.16484646499156952,0.04808657988905907,0.12841734290122986,0.09367777407169342,17.519180297851562,54.860618591308594,5.640562534332275,20.51682472229004,3.9421205520629883,14.733081817626953,0,,407.6374936103821,13.81129088528134,2.7134947776794434
73,0.00015600000000000002,0.00015600000000000002,3.0640180110931396,0.16386933624744415,0.04797080159187317,0.12727439403533936,0.0922960489988327,17.47459602355957,121.66252899169922,5.643975257873535,18.896852493286133,3.954854726791382,14.251566886901855,0,,408.64571595191956,13.777215275303202,2.7134947776794434
74,0.000154,0.000154,3.0620241165161133,0.16367310285568237,0.04694445803761482,0.1274850219488144,0.09216219931840897,17.61792755126953,145.5957489013672,5.620884418487549,16.529401779174805,3.9057905673980713,19.702022552490234,0,,408.5121648311615,13.781719333442334,2.7134947776794434
75,0.000152,0.000152,3.040315628051758,0.16465386748313904,0.04677560180425644,0.12615665793418884,0.09053975343704224,17.55841636657715,78.38333129882812,5.674296855926514,25.447010040283203,3.8843815326690674,14.708133697509766,0,97.74832916259766,410.46731781959534,13.716073742256974,2.7134947776794434
76,0.00015000000000000001,0.00015000000000000001,3.034398317337036,0.16524642705917358,0.04661590978503227,0.1256244033575058,0.0901762992143631,17.541345596313477,74.83006286621094,5.602038860321045,19.641637802124023,3.8911540508270264,14.85466194152832,0,,411.940899848938,13.667009034705139,2.7134947776794434
77,0.000148,0.000148,3.0263521671295166,0.16535165905952454,0.04554521292448044,0.12474485486745834,0.08958248794078827,17.533220291137695,92.42205047607422,5.592421054840088,15.281868934631348,3.8185417652130127,15.668133735656738,0,,507.77587699890137,11.087568856706797,2.7134947776794434
78,0.000146,0.000146,3.022057056427002,0.16501553356647491,0.045390523970127106,0.12437786161899567,0.08915477991104126,17.601192474365234,56.593109130859375,5.61413049697876,18.554584503173828,3.816307783126831,16.25496482849121,0,,418.95678305625916,13.438140227566102,2.7134947776794434
79,0.000144,0.000144,3.007688283920288,0.16470834612846375,0.04494645074009895,0.12342164665460587,0.08815845847129822,17.37333106994629,49.38909149169922,5.594523906707764,17.893903732299805,3.7743334770202637,15.519411087036133,0,,410.83638620376587,13.703752123862863,2.7134947776794434
80,0.000142,0.000142,3.004117727279663,0.1645067036151886,0.04454655572772026,0.12263339757919312,0.0876113548874855,17.54432487487793,94.69740295410156,5.631194114685059,27.319072723388672,3.7785627841949463,14.935748100280762,0,99.79663848876953,409.4025502204895,13.751746287285911,2.7134947776794434
81,0.00014,0.00014,3.002124547958374,0.16497860848903656,0.0432121567428112,0.12258806079626083,0.08690343052148819,17.633420944213867,55.97162628173828,5.604809761047363,20.228071212768555,3.721163034439087,13.931163787841797,0,,410.2164385318756,13.724462189153652,2.7142186164855957
82,0.000138,0.000138,2.988349199295044,0.16569295525550842,0.04353884980082512,0.12181653082370758,0.08648262917995453,17.58511734008789,72.73394775390625,5.5699920654296875,21.997589111328125,3.71535062789917,15.433448791503906,0,,409.313512802124,13.754737686174881,2.7142186164855957
83,0.000136,0.000136,2.9799036979675293,0.16480544209480286,0.04278169199824333,0.1210416778922081,0.08611492067575455,17.558263778686523,58.781002044677734,5.598459243774414,16.127609252929688,3.6790904998779297,18.150508880615234,0,,407.7648251056671,13.806978075024142,2.7142186164855957
84,0.000134,0.000134,2.965836524963379,0.16452854871749878,0.04251886159181595,0.12012620270252228,0.08537402749061584,17.44148063659668,55.00026321411133,5.560825347900391,26.380508422851562,3.63383412361145,15.1890287399292,0,,409.0259494781494,13.764407874813234,2.7142186164855957
85,0.00013199999999999998,0.00013199999999999998,2.9603018760681152,0.16562508046627045,0.04201764985918999,0.11946019530296326,0.08482799679040909,17.298791885375977,56.04334259033203,5.622228622436523,21.6995792388916,3.6025078296661377,14.393250465393066,0,96.44017791748047,409.67404675483704,13.742632818937599,2.7142186164855957
86,0.00013000000000000002,0.00013000000000000002,2.957606315612793,0.1655121147632599,0.04091232270002365,0.1189253181219101,0.08456733077764511,17.092098236083984,52.142982482910156,5.582427978515625,20.2888126373291,3.5167763233184814,16.23435401916504,0,,408.2437102794647,13.790781972234093,2.7134947776794434
87,0.00012800000000000002,0.00012800000000000002,2.9418437480926514,0.16418810188770294,0.041504278779029846,0.11773598939180374,0.0835646539926529,17.043970108032227,47.661930084228516,5.599547863006592,17.775453567504883,3.548454523086548,15.556044578552246,0,,408.6007969379425,13.778729856112037,2.7134947776794434
88,0.000126,0.000126,2.9324686527252197,0.165519118309021,0.04119797423481941,0.11714529246091843,0.0835033655166626,17.045940399169922,49.88435363769531,5.602249622344971,18.411008834838867,3.513213634490967,14.202590942382812,0,,407.6494197845459,13.81088682274002,2.7134947776794434
89,0.000124,0.000124,2.9310619831085205,0.16645677387714386,0.040328167378902435,0.11698327213525772,0.08284831047058105,17.0074520111084,60.68232727050781,5.569766044616699,16.72029685974121,3.508122205734253,14.575815200805664,0,,408.21207666397095,13.791850662552697,2.7134947776794434
90,0.000122,0.000122,2.9284679889678955,0.1639685332775116,0.04009154438972473,0.11683432012796402,0.08235053718090057,17.081430435180664,75.74137878417969,5.601033687591553,18.4792537689209,3.479759931564331,14.578186988830566,0,95.33876037597656,408.40608739852905,13.785298930929397,2.7134947776794434
91,0.00012,0.00012,2.9195399284362793,0.16644252836704254,0.03908829018473625,0.11588864028453827,0.08181874454021454,17.157569885253906,56.4571418762207,5.5847487449646,18.386741638183594,3.443516254425049,13.797483444213867,0,,408.3590247631073,13.786887661576754,2.7134947776794434
92,0.00011800000000000002,0.00011800000000000002,2.912583112716675,0.16557426750659943,0.03921886160969734,0.11562544107437134,0.08136484026908875,17.166706085205078,50.57665252685547,5.585309982299805,19.846290588378906,3.4487264156341553,13.471504211425781,0,,408.42905616760254,13.78452368895537,2.7134947776794434
93,0.00011600000000000001,0.00011600000000000001,2.9066359996795654,0.16654935479164124,0.0385887511074543,0.11515366286039352,0.0805467739701271,17.247074127197266,42.57331848144531,5.593237400054932,17.363142013549805,3.400597333908081,15.137957572937012,0,,408.9769198894501,13.766058000343483,2.7134947776794434
94,0.00011400000000000002,0.00011400000000000002,2.8980748653411865,0.16683082282543182,0.03832749277353287,0.11494254320859909,0.08009684830904007,17.340391159057617,68.26084899902344,5.623264312744141,17.676185607910156,3.3941259384155273,13.70817756652832,0,,407.9664468765259,13.80015450560806,2.7134947776794434
95,0.00011200000000000001,0.00011200000000000001,2.8986029624938965,0.16658222675323486,0.03741837292909622,0.11458326876163483,0.08015240728855133,17.53440284729004,81.49346923828125,5.6028265953063965,18.81234359741211,3.3762688636779785,13.638236999511719,0,97.4924087524414,408.49498748779297,13.782298859097361,2.7134947776794434
96,0.00011000000000000002,0.00011000000000000002,2.8867146968841553,0.16625820100307465,0.037672825157642365,0.11390870809555054,0.07902991026639938,17.481534957885742,70.57778930664062,5.608220100402832,15.700236320495605,3.359578847885132,14.351301193237305,0,,409.53253746032715,13.747381428869733,2.7142186164855957
97,0.00010800000000000001,0.00010800000000000001,2.8863866329193115,0.16649581491947174,0.03740657866001129,0.11354935169219971,0.07872750610113144,17.52719497680664,55.35047912597656,5.622389316558838,21.510379791259766,3.3537604808807373,15.887300491333008,0,,414.3026819229126,13.589098612322157,2.7142186164855957
98,0.00010600000000000002,0.00010600000000000002,2.881406307220459,0.1657402664422989,0.036558810621500015,0.11319465190172195,0.07804492115974426,17.532819747924805,53.30863952636719,5.629427909851074,20.83683967590332,3.319915533065796,13.440875053405762,0,,407.55669116973877,13.81402912031991,2.7142186164855957
99,0.00010400000000000001,0.00010400000000000001,2.8688783645629883,0.16667509078979492,0.03662722930312157,0.11263606697320938,0.07766316086053848,17.567777633666992,74.720458984375,5.605203151702881,22.357040405273438,3.309741258621216,13.412280082702637,0,,407.7687830924988,13.806844058297822,2.7142186164855957
100,0.00010200000000000001,0.00010200000000000001,2.8609769344329834,0.16527925431728363,0.03600263223052025,0.11150719970464706,0.07689520716667175,17.583267211914062,47.701210021972656,5.634683132171631,17.553741455078125,3.244741678237915,13.749085426330566,0,96.53971099853516,407.07085943222046,13.830515915220962,2.7142186164855957
101,0.0001,0.0001,2.8625245094299316,0.16620640456676483,0.03572113439440727,0.11153817176818848,0.07656831294298172,17.653827667236328,50.323307037353516,5.656753063201904,18.059202194213867,3.2132763862609863,13.049116134643555,0,,407.4912657737732,13.816247053318698,2.7134947776794434
102,9.8e-05,9.8e-05,2.849738359451294,0.16646204888820648,0.03543258458375931,0.11098724603652954,0.07573848217725754,17.677019119262695,77.29851531982422,5.589182376861572,19.330503463745117,3.2125470638275146,13.006985664367676,0,,408.00792694091797,13.79875151498039,2.7134947776794434
103,9.6e-05,9.6e-05,2.8444950580596924,0.16689929366111755,0.034811411052942276,0.11063346266746521,0.07524655014276505,17.740671157836914,58.783748626708984,5.6187968254089355,18.20380401611328,3.1754443645477295,14.408550262451172,0,,407.54845905303955,13.81430815143211,2.7134947776794434
104,9.4e-05,9.4e-05,2.848442792892456,0.16693200170993805,0.034195512533187866,0.11049395054578781,0.0749327763915062,17.849802017211914,67.23774719238281,5.620104789733887,18.05350112915039,3.1360554695129395,15.60405158996582,0,,406.7209415435791,13.84241484747045,2.7134947776794434
105,9.2e-05,9.2e-05,2.836094379425049,0.16583268344402313,0.034322772175073624,0.1097651794552803,0.07431863993406296,18.013656616210938,53.69169998168945,5.6241631507873535,16.52859115600586,3.110867977142334,14.684999465942383,0,95.10671997070312,407.74326372146606,13.807708185329863,2.7134947776794434
106,8.999999999999999e-05,8.999999999999999e-05,2.829616069793701,0.16642878949642181,0.03392122685909271,0.109182208776474,0.07405351102352142,18.03559684753418,52.727783203125,5.646008014678955,19.892127990722656,3.1133384704589844,12.172468185424805,0,,408.0896577835083,13.79598794681221,2.7134947776794434
107,8.8e-05,8.8e-05,2.827284336090088,0.16667042672634125,0.033413540571928024,0.10899781435728073,0.07345668971538544,17.99925422668457,123.10112762451172,5.606821060180664,18.735111236572266,3.0791938304901123,16.187170028686523,0,,408.2501525878906,13.790564349606553,2.7134947776794434
108,8.600000000000002e-05,8.600000000000002e-05,2.8263256549835205,0.16627195477485657,0.03305938467383385,0.10907911509275436,0.07340096682310104,18.23219871520996,58.31774139404297,5.655853748321533,23.67793846130371,3.036269426345825,12.775498390197754,0,,407.581472158432,13.813189226156847,2.7134947776794434
109,8.400000000000001e-05,8.400000000000001e-05,2.8062856197357178,0.16663353145122528,0.03311861678957939,0.10790430009365082,0.07230354100465775,18.210342407226562,57.0971565246582,5.674050331115723,20.878293991088867,3.0662331581115723,14.28951644897461,0,,407.3730843067169,13.820255232574702,2.7134947776794434
110,8.200000000000001e-05,8.200000000000001e-05,2.809493064880371,0.16699135303497314,0.03294979780912399,0.10769537091255188,0.07236002385616302,18.20392608642578,59.20176315307617,5.623979091644287,14.820714950561523,3.0374724864959717,13.442235946655273,0,96.61661529541016,407.7698233127594,13.806808837057545,2.7134947776794434
111,8e-05,8e-05,2.8043711185455322,0.16725382208824158,0.03212811425328255,0.10713788121938705,0.07175420969724655,18.27374267578125,70.3534164428711,5.654971122741699,19.770614624023438,2.970207691192627,12.29642105102539,0,,407.32805037498474,13.821783191255898,2.7142186164855957
112,7.800000000000001e-05,7.800000000000001e-05,2.803008794784546,0.16708968579769135,0.031765155494213104,0.10709355026483536,0.07142088562250137,18.356420516967773,54.901283264160156,5.680095195770264,17.387250900268555,2.9501311779022217,12.920202255249023,0,,407.2102060317993,13.825783137567896,2.7142186164855957
113,7.6e-05,7.6e-05,2.7952802181243896,0.16735324263572693,0.03177852928638458,0.10670085996389389,0.07109380513429642,18.269060134887695,69.71770477294922,5.709570407867432,24.517593383789062,2.950284481048584,13.500161170959473,0,,407.1599774360657,13.827488731708781,2.7142186164855957
114,7.4e-05,7.4e-05,2.788722515106201,0.1673724353313446,0.031083963811397552,0.10619102418422699,0.07068468630313873,18.234066009521484,63.7863655090332,5.673487186431885,19.21153450012207,2.9177491664886475,11.652973175048828,0,,407.0689458847046,13.830580929635941,2.7142186164855957
115,7.2e-05,7.2e-05,2.792562246322632,0.16705143451690674,0.03111662156879902,0.10635992884635925,0.07064104825258255,18.450706481933594,59.63166046142578,5.65187931060791,20.791170120239258,2.914959192276001,11.295513153076172,0,95.72193908691406,407.7751204967499,13.806629480340925,2.7142186164855957
116,7e-05,7e-05,2.7843079566955566,0.1671849489212036,0.030932608991861343,0.10576573759317398,0.0699692890048027,18.446819305419922,74.13848876953125,5.6924567222595215,16.65185546875,2.90128493309021,11.79482364654541,0,,407.5859320163727,13.813038080455248,2.7134947776794434
117,6.8e-05,6.8e-05,2.7742018699645996,0.16728535294532776,0.030489498749375343,0.10499543696641922,0.06932565569877625,18.228015899658203,59.372501373291016,5.694695949554443,19.627450942993164,2.879347085952759,12.23387622833252,0,,407.39281153678894,13.819586012728632,2.7134947776794434
118,6.599999999999999e-05,6.599999999999999e-05,2.779430866241455,0.1671571284532547,0.03001031093299389,0.10510804504156113,0.06916937977075577,18.4317569732666,52.73090744018555,5.703371047973633,19.52813148498535,2.8208189010620117,15.091294288635254,0,,407.63129115104675,13.811501035905062,2.7134947776794434
119,6.4e-05,6.4e-05,2.774592399597168,0.16740970313549042,0.029759714379906654,0.10495912283658981,0.06900964677333832,18.293819427490234,56.25095748901367,5.714297771453857,16.224544525146484,2.8066823482513428,11.2935209274292,0,,407.2403585910797,13.824759460182149,2.7134947776794434
120,6.200000000000002e-05,6.200000000000002e-05,2.773345947265625,0.16728916764259338,0.029516899958252907,0.10464425384998322,0.06882834434509277,18.308382034301758,52.12400436401367,5.70087194442749,20.637855529785156,2.807213544845581,13.809640884399414,0,95.79270935058594,407.1300699710846,13.828504488503777,2.7134947776794434
121,6.0000000000000015e-05,6.0000000000000015e-05,2.7603654861450195,0.16708864271640778,0.028950802981853485,0.10361256450414658,0.068234384059906,18.18950843811035,60.409942626953125,5.706470012664795,21.30219841003418,2.7589244842529297,11.926825523376465,0,,408.15090465545654,13.793917729406001,2.7134947776794434
122,5.800000000000001e-05,5.800000000000001e-05,2.759938955307007,0.16670402884483337,0.029289182275533676,0.10367510467767715,0.06797441095113754,18.060091018676758,52.94501876831055,5.714085578918457,20.526119232177734,2.7559549808502197,11.955811500549316,0,,408.36947774887085,13.786534760225642,2.7134947776794434
123,5.6000000000000006e-05,5.6000000000000006e-05,2.7552759647369385,0.16683249175548553,0.028671998530626297,0.10325411707162857,0.06749895960092545,18.023494720458984,80.11695861816406,5.721132755279541,23.54132843017578,2.725846529006958,12.783052444458008,0,,408.2586417198181,13.790277595308774,2.7134947776794434
124,5.4000000000000005e-05,5.4000000000000005e-05,2.7607812881469727,0.16612273454666138,0.028131205588579178,0.10333030670881271,0.0677211582660675,18.12947654724121,126.90298461914062,5.715198516845703,20.008140563964844,2.671501874923706,12.334874153137207,0,,406.90746784210205,13.836069487386963,2.7134947776794434
125,5.2000000000000004e-05,5.2000000000000004e-05,2.753878116607666,0.16695378720760345,0.02833719737827778,0.10293462872505188,0.06687920540571213,17.987520217895508,65.47581481933594,5.718703269958496,16.09013557434082,2.6971607208251953,13.187362670898438,0,96.84039306640625,407.0312623977661,13.831861382917939,2.7134947776794434
126,5e-05,5e-05,2.752171754837036,0.16605009138584137,0.02785595692694187,0.10270201414823532,0.06678538769483566,17.964792251586914,60.05258560180664,5.7177228927612305,17.6097469329834,2.6505141258239746,12.56281566619873,0,,408.5787980556488,13.779471736644515,2.7142186164855957
127,4.8e-05,4.8e-05,2.7502408027648926,0.16606944799423218,0.027682863175868988,0.10249913483858109,0.06659789383411407,17.94081687927246,53.813419342041016,5.785069942474365,19.967754364013672,2.630171298980713,13.065068244934082,0,,407.19034814834595,13.826457394193689,2.7142186164855957
128,4.6e-05,4.6e-05,2.7501182556152344,0.16602574288845062,0.027216652408242226,0.10224611312150955,0.0665237158536911,17.89951515197754,68.48890686035156,5.74539041519165,18.85422706604004,2.5790505409240723,12.690924644470215,0,,406.75893807411194,13.841121787406692,2.7142186164855957
129,4.4e-05,4.4e-05,2.7440974712371826,0.1658957302570343,0.02722381427884102,0.10191473364830017,0.06619352102279663,17.78779411315918,80.7655258178711,5.763899803161621,17.691036224365234,2.57535719871521,12.422532081604004,0,,407.21099758148193,13.825756262571103,2.7142186164855957
130,4.2e-05,4.2e-05,2.7396509647369385,0.16623736917972565,0.026603203266859055,0.101532943546772,0.06579067558050156,17.921396255493164,56.801727294921875,5.750002861022949,23.15036392211914,2.5507099628448486,10.84340763092041,0,96.60399627685547,406.8375337123871,13.838447865481646,2.7142186164855957
131,3.999999999999999e-05,3.999999999999999e-05,2.7380967140197754,0.16553622484207153,0.02641879953444004,0.10132288932800293,0.0655076652765274,17.806079864501953,76.7942886352539,5.791036605834961,21.583993911743164,2.542116641998291,13.264927864074707,0,,407.69930052757263,13.809197103636542,2.7134947776794434
132,3.799999999999999e-05,3.799999999999999e-05,2.7278175354003906,0.16640448570251465,0.02599465101957321,0.10067341476678848,0.06502681225538254,17.76352310180664,106.02764892578125,5.778968811035156,18.272747039794922,2.4936506748199463,12.063179969787598,0,,407.27640104293823,13.82353602021356,2.7134947776794434
133,3.6000000000000014e-05,3.6000000000000014e-05,2.731703281402588,0.1658744364976883,0.025872720405459404,0.10073467344045639,0.06488052010536194,17.964635848999023,93.02006530761719,5.791693210601807,17.868661880493164,2.4799323081970215,13.519213676452637,0,,407.1543300151825,13.827680525441204,2.7134947776794434
134,3.4000000000000007e-05,3.4000000000000007e-05,2.7211825847625732,0.16624006628990173,0.02551393397152424,0.10013189166784286,0.06447338312864304,17.871599197387695,107.94034576416016,5.8334879875183105,19.3551025390625,2.4462366104125977,11.37491226196289,0,,407.3084285259247,13.822449047704048,2.7134947776794434
135,3.2000000000000005e-05,3.2000000000000005e-05,2.717015027999878,0.165995255112648,0.02538973093032837,0.0997990071773529,0.0641685426235199,17.905441284179688,58.79690933227539,5.836108207702637,18.790374755859375,2.42358136177063,14.307591438293457,0,94.95362854003906,407.8261127471924,13.80490317815913,2.7134947776794434
136,3.0000000000000008e-05,3.0000000000000008e-05,2.722402334213257,0.16594724357128143,0.02505289949476719,0.10012038797140121,0.06417803466320038,17.83881378173828,66.7136001586914,5.829738616943359,19.987377166748047,2.396414041519165,12.37321662902832,0,,408.0435140132904,13.797548071837811,2.7134947776794434
137,2.8000000000000003e-05,2.8000000000000003e-05,2.7104849815368652,0.1658588945865631,0.024849943816661835,0.09932392090559006,0.06349512189626694,17.735776901245117,61.204898834228516,5.8259172439575195,21.598892211914062,2.374622106552124,10.669401168823242,0,,407.3198597431183,13.82206112795638,2.7134947776794434
138,2.6000000000000002e-05,2.6000000000000002e-05,2.7093493938446045,0.1659616082906723,0.024338381364941597,0.09906760603189468,0.06329362839460373,17.66365623474121,60.06411361694336,5.821043014526367,25.186914443969727,2.331256628036499,10.558294296264648,0,,406.7552525997162,13.841247197219177,2.7134947776794434
139,2.4e-05,2.4e-05,2.7043070793151855,0.1663276106119156,0.024467837065458298,0.09891586005687714,0.06307049840688705,17.61713409423828,156.17837524414062,5.828861236572266,16.855024337768555,2.3093504905700684,10.646952629089355,0,,407.03853702545166,13.831614178703582,2.7134947776794434
140,2.2e-05,2.2e-05,2.7058041095733643,0.1659904420375824,0.02397344447672367,0.09883835911750793,0.06294114142656326,17.565757751464844,57.70484161376953,5.852433681488037,16.263959884643555,2.2707178592681885,10.419760704040527,0,95.4787826538086,407.4617862701416,13.817246646701212,2.7134947776794434
141,1.9999999999999995e-05,1.9999999999999995e-05,2.6978864669799805,0.16568750143051147,0.023863740265369415,0.09817695617675781,0.06259749829769135,17.35234832763672,55.67483901977539,5.840655326843262,14.816189765930176,2.253910541534424,12.963998794555664,0,,408.35478615760803,13.78703076551441,2.7142186164855957
142,1.7999999999999994e-05,1.7999999999999994e-05,2.6963882446289062,0.16589412093162537,0.023547373712062836,0.09826502948999405,0.06238686293363571,17.284761428833008,60.62790298461914,5.867197036743164,15.974759101867676,2.2140893936157227,10.710724830627441,0,,407.8362944126129,13.804558537656927,2.7142186164855957
143,1.5999999999999992e-05,1.5999999999999992e-05,2.6929032802581787,0.1653900444507599,0.023506607860326767,0.09781350195407867,0.062281373888254166,17.334592819213867,53.44377136230469,5.878793716430664,16.009220123291016,2.1967313289642334,11.503607749938965,0,,408.15759205818176,13.793691724831273,2.7142186164855957
144,1.3999999999999991e-05,1.3999999999999991e-05,2.6915171146392822,0.16545625030994415,0.023096192628145218,0.09770774096250534,0.0620586983859539,17.15891456604004,54.515689849853516,5.912569999694824,15.954309463500977,2.1473450660705566,11.8231782913208,0,,407.2948052883148,13.822911382369952,2.7142186164855957
145,1.200000000000001e-05,1.200000000000001e-05,2.6916584968566895,0.16518689692020416,0.022807389497756958,0.097666896879673,0.0620853565633297,16.982810974121094,76.0050277709961,5.892715930938721,18.445697784423828,2.122762441635132,8.539545059204102,0,96.72567749023438,407.0314304828644,13.83185567100086,2.7142186164855957
146,1.000000000000001e-05,1.000000000000001e-05,2.6901438236236572,0.16490963101387024,0.02280781790614128,0.09756963700056076,0.06189507991075516,16.862998962402344,52.53028869628906,5.9007720947265625,16.19865608215332,2.110903024673462,12.228499412536621,0,,406.8299472332001,13.838705921943383,2.7134947776794434
147,8.000000000000008e-06,8.000000000000008e-06,2.679992437362671,0.16520017385482788,0.022346409037709236,0.09695548564195633,0.06151282414793968,16.652725219726562,56.711788177490234,5.897959232330322,15.594080924987793,2.045701265335083,10.691802024841309,0,,407.37548089027405,13.820173928230187,2.7134947776794434
148,6.000000000000005e-06,6.000000000000005e-06,2.6829471588134766,0.16436974704265594,0.0219844002276659,0.09701815247535706,0.06158886104822159,16.506912231445312,83.98751068115234,5.900190830230713,19.04096031188965,2.035349130630493,10.994950294494629,0,,406.8580090999603,13.837751436808446,2.7134947776794434
149,4.000000000000004e-06,4.000000000000004e-06,2.674163579940796,0.16422222554683685,0.02203899435698986,0.09651842713356018,0.061276644468307495,16.235031127929688,118.9251708984375,5.8706512451171875,19.887346267700195,1.9961549043655396,12.794872283935547,0,,408.0419924259186,13.797599522853389,2.7134947776794434
150,2.000000000000002e-06,2.000000000000002e-06,2.6744000911712646,0.16294096410274506,0.021671023219823837,0.09647052735090256,0.06115447357296944,16.108675003051758,70.79888153076172,5.810385704040527,15.04875373840332,1.9532290697097778,11.951138496398926,0,96.22124481201172,407.1059958934784,13.829322232515391,2.7134947776794434
